Twitter Handle,Incumbent?,Age,Followers Count,Climate Bool
lontinehd1,Yes,,2237.0,True
alecgarnett,Yes,37.0,5102.0,False
repmegfroe,Yes,57.0,2884.0,True
serenaforco,Yes,39.0,1648.0,False
valdezforco,Yes,,1984.0,True
woodrowforco,Yes,40.0,1417.0,True
baconforco,No,38.0,271.0,False
leslieherod,Yes,,14909.0,True
emilyforco,Yes,41.0,14343.0,True
mccormickforco,No,63.0,1219.0,True
foleycohd14,No,50.0,275.0,True
vigilforhd16,No,,,True
marcsnyderhd18,Yes,60.0,809.0,False
hd21liz,No,38.0,578.0,True
parker4c,No,,88.0,False
monicaduran24,Yes,,1477.0,True
cutter4colorado,Yes,59.0,1313.0,True
dylan_robertsco,Yes,31.0,3202.0,True
briannaforco,Yes,40.0,6427.0,True
kerrytipperhd28,Yes,38.0,1612.0,True
dafna_m,Yes,47.0,4270.0,True
yadiracaraveo,Yes,39.0,1769.0,True
matthewogray,Yes,,2278.0,True
kyle_mullica,Yes,34.0,1549.0,True
skbird77,Yes,,1320.0,True
mjweissman,Yes,43.0,1355.0,False
sully_720,Yes,54.0,5490.0,False
daviddortizco,No,37.0,1461.0,True
chapmancohd39,No,27.0,123.0,True
naquettaricks,No,52.0,895.0,False
imanforcolorado,No,38.0,4964.0,True
jackson4co,Yes,,1208.0,True
jennforcolorado,No,,369.0,True
katieforcohd45,No,,702.0,True
dlesgar,Yes,41.0,3848.0,True
bri4co,Yes,,1833.0,True
repmaryyoung,Yes,70.0,266.0,False
cathy_kipp,Yes,57.0,923.0,True
colincaresforco,No,36.0,18.0,False
scagin,No,67.0,126.0,True
mccluskieforco,Yes,56.0,1893.0,True
diannekrumel,No,,178.0,False
mariewoodsonfl,No,,339.0,False
cindypolofl103,Yes,31.0,5034.0,True
maureenfor105,No,32.0,692.0,False
votemcfadden,No,72.0,1718.0,False
collazofor110,No,,673.0,True
votebado,No,,239.0,True
franccesca4fl,No,,521.0,True
bob4florida,No,,2386.0,True
rickyjunquera,No,34.0,613.0,True
clintforflorida,No,39.0,257.0,False
kayserenneking,No,,1593.0,True
byramfl,No,64.0,184.0,True
cynthiaforhouse,No,22.0,431.0,True
voteadammorley,No,,122.0,False
zutterforfl,No,,350.0,True
henryfor26,No,,264.0,True
doloresfor27,No,,847.0,True
pashaforfl,No,,1014.0,True
tracey4florida,No,,1124.0,True
joyforfl,Yes,52.0,1111.0,True
crissystile,No,,106.0,True
danforpasco,No,,,True
votetammygarcia,No,,362.0,True
gostaver2020,No,,15.0,False
itschriscause,No,,254.0,True
janforflorida40,No,,,True
jaredforflorida,No,,493.0,True
daisy4florida,No,,56.0,False
carlosgsmith,Yes,39.0,19632.0,True
ninaforflorida,No,,,True
dabbsford52,No,,,True
philmooreforfl,No,46.0,407.0,True
trippforflorida,No,,,False
andrewlearned,No,33.0,9954.0,True
jenkinsforfl,No,,550.0,True
fentriceforfl,Yes,41.0,2136.0,False
jhforfl,No,35.0,6009.0,True
kelly4florida,No,,539.0,True
mele_71,No,,74.0,True
buckmanforfl,No,51.0,247.0,True
lisastortstrom,No,53.0,421.0,True
anselmweber,No,,380.0,True
votelopezfor77,No,36.0,,True
fornearforhd79,No,,927.0,True
novosad4florida,No,,101.0,True
elisaforflorida,No,,132.0,True
delores_fl,Yes,71.0,419.0,False
jimcarrollcamp1,No,,,False
omarijhardy,No,,167498.0,True
bonfigliojim89,No,67.0,549.0,True
electlinda2020,No,72.0,227.0,True
christineforfla,No,,59.0,False
cooper4georgia,No,,175.0,False
greggkennard,Yes,54.0,462.0,False
cwmar312,No,65.0,34.0,False
nakitahemingway,No,44.0,405.0,False
repdonnamcleod,Yes,52.0,1200.0,True
rebecca4georgia,No,39.0,1792.0,False
shellyforga,Yes,49.0,1664.0,False
jasmineforhd108,Yes,37.0,2961.0,True
reginalewisward,No,27.0,2450.0,False
ebony4georgia,No,24.0,,True
hollyforga111,Yes,44.0,1189.0,True
irishlassis,No,,1431.0,True
spencerfrye,Yes,,1985.0,False
wallacefor119,No,41.0,1567.0,True
hollifieldhouse,No,,40.0,False
chrisbentonga,No,,3959.0,True
sprayberry4ga,No,,96.0,True
arnett4georgia,No,,430.0,False
stephenforga,No,,133.0,False
awungregina,No,,15.0,True
electjoybarlow,No,,595.0,False
gleasonforga,No,42.0,190.0,False
marcusforga164,No,,114.0,True
ibackmackforga1,No,34.0,20.0,False
votearrendale,No,29.0,38.0,False
juliejordan4ga,No,54.0,900.0,True
qdaileyhouserep,No,,17.0,False
alisonforga,No,52.0,7.0,False
ginnyforga20,No,,257.0,True
charlesravensc1,No,,282.0,False
nhouse24,No,31.0,192.0,True
christa4georgia,No,,609.0,True
votejasonboskey,No,27.0,141.0,False
leighforgeorgia,No,,244.0,False
kylerinaudo,No,25.0,743.0,False
repmaryfrances,Yes,,1116.0,True
repdwilkerson,Yes,51.0,2185.0,False
repmichaelsmith,Yes,39.0,239.0,False
tanulewicz,Yes,44.0,2373.0,False
electluisa,No,52.0,1458.0,True
maryrobichaux48,Yes,69.0,1093.0,False
angelikaforga,Yes,56.0,1836.0,True
joshforgeorgia,Yes,28.0,2445.0,True
sheaforgeorgia,No,46.0,1885.0,True
betsyforgeorgia,Yes,45.0,1587.0,False
meshamainor,No,,239.0,False
evansforgeorgia,No,42.0,5490.0,True
cannonfor58,Yes,31.0,5500.0,True
state_rep_kim,Yes,60.0,513.0,True
reprogerbruce61,Yes,67.0,1455.0,False
repbazemore63,Yes,,639.0,False
repkalexander,Yes,58.0,1516.0,False
pinkrocktopus,No,,30549.0,True
fredrovner,No,72.0,2.0,False
mwilsonga,Yes,36.0,5871.0,False
repscottholcomb,Yes,29.0,7866.0,True
mmo_mary,Yes,72.0,3611.0,False
beckyevansga,Yes,59.0,305.0,True
renittashannon,Yes,,4369.0,True
zulmaforgeorgia,No,39.0,296.0,False
electvioladavis,Yes,57.0,168.0,False
beeforgeorgia,Yes,30.0,9726.0,True
doreencarter4ga,Yes,57.0,511.0,False
darshunkendrick,Yes,38.0,12590.0,True
kbennettcares,Yes,63.0,2552.0,False
mooreforgeorgia,Yes,38.0,3318.0,True
votetaehocho,No,69.0,36.0,False
marvinlimforga,No,37.0,392.0,False
jensenforiowa,No,59.0,,False
hallforiowa,Yes,35.0,3302.0,True
charliemcconkey,Yes,65.0,752.0,False
demdamon,No,,64.0,False
millerforiowa,No,21.0,160.0,False
akoabdulsamad,Yes,69.0,4910.0,True
martiiowa,Yes,69.0,1745.0,True
andreajphillips,No,44.0,2133.0,True
matsonforhouse,Yes,41.0,2094.0,True
karinderry4iowa,Yes,57.0,1903.0,True
sundeforiowa,Yes,47.0,1169.0,False
konfrstforhouse,Yes,46.0,2224.0,True
kenan4iowa,Yes,,715.0,False
bweskroe,Yes,61.0,838.0,False
letsbeiowa,Yes,49.0,1631.0,False
jack_4_48,No,,51.0,True
repprichard,Yes,46.0,2258.0,False
ssteckman,Yes,73.0,2119.0,True
kaylaforiowa,No,30.0,1202.0,False
iowaquinn,No,,38.0,False
bobkressig,Yes,66.0,1723.0,False
williams4iowa,Yes,66.0,530.0,False
timiforiowa,Yes,53.0,905.0,False
rassmith62,Yes,32.0,2777.0,True
lizbennettiowa,Yes,38.0,2321.0,True
staedart,Yes,71.0,1720.0,True
ericforiowa,No,41.0,1055.0,True
mdonahueforia,Yes,,1211.0,True
wanasattia,No,41.0,5942.0,True
rubyforiowa,No,,2462.0,True
sarahsmithhd76,No,,183.0,False
cindywinckler,Yes,70.0,925.0,False
kelceybrackett,No,45.0,196.0,False
gleason4iowa,No,56.0,112.0,False
andrewsforiowa,No,,505.0,True
lindsay4iowa,Yes,39.0,2135.0,False
shriformi,No,60.0,4519.0,False
abrahamaiyash,No,,7760.0,True
kaylyme,Yes,,11829.0,False
bethformi101st,No,52.0,90.0,True
votedanoneil,No,61.0,4165.0,False
doctorricher,No,48.0,337.0,True
maryforrep,No,31.0,150.0,True
janetmetsa,No,62.0,62.0,False
jewelljonesmi,Yes,25.0,3307.0,False
slattweets,No,,351.0,True
lpohutsky19,Yes,32.0,12804.0,False
mattformichigan,Yes,36.0,2158.0,True
voteranjeev,No,28.0,574.0,True
darrincamilleri,Yes,28.0,4400.0,True
nateforstaterep,Yes,37.0,308.0,False
reginaforrep,No,,135.0,True
repbrendacarter,Yes,66.0,637.0,False
boucher4mi,No,25.0,93.0,False
kyrahbolden,Yes,,3176.0,False
ssteckloff,No,,694.0,True
votepulver,No,37.0,12153.0,True
marimanoogian,Yes,28.0,17785.0,True
votebreadonmi43,No,,659.0,True
voteforrest44,No,,337.0,True
barbanness2020,No,,641.0,True
jodylamacchia,No,,1111.0,True
vote4morse,No,,909.0,True
jimhaadsma,Yes,62.0,936.0,True
hofmankingston,No,35.0,24.0,False
wheelerforhd66,No,21.0,1149.0,True
karahope7,Yes,46.0,758.0,False
sarahanthony517,Yes,30.0,3632.0,True
juliebrixie,Yes,54.0,1950.0,True
angelamihouse,Yes,,1333.0,True
lilyformichigan,No,,111.0,True
billinthehouse,No,43.0,837.0,False
davidlagrand,Yes,54.0,909.0,False
bob_77th,No,,46.0,False
electdan2020,No,,,True
c79th,No,21.0,1567.0,False
almquistforhd80,No,,,True
brianhosticka,No,50.0,72.0,False
amosoneal1,No,,21.0,False
sarah4mi,No,43.0,804.0,True
teamtommync,No,,69.0,False
philstover4,No,,62.0,False
brian_farkas,No,33.0,1154.0,True
autryjohn,Yes,,3965.0,True
repbeckycarney,Yes,,1100.0,True
huntfornchouse,Yes,55.0,1285.0,True
loftonfornc,Yes,41.0,1317.0,False
wesleyharrisnc,Yes,33.0,2629.0,True
cunninghamncrep,Yes,58.0,1602.0,False
ncforjen,No,,189.0,True
brianturnernc,Yes,46.0,3198.0,True
remillard117,No,25.0,427.0,True
joesamqueennc,Yes,70.0,1799.0,False
allisondahle,Yes,57.0,1367.0,False
marcywofford,No,,220.0,False
debbutlerhd18,Yes,,21585.0,True
electmmorgan,No,,895.0,False
electadam_hd20,No,23.0,385.0,True
vernettaalston,Yes,38.0,1392.0,False
marciahmorey,Yes,,1808.0,False
griermartin,Yes,51.0,6244.0,True
terenceeveritt,Yes,45.0,1387.0,True
friendsforbatch,Yes,41.0,3159.0,True
joejohnnc40,Yes,,1152.0,False
kimberlyhardync,No,45.0,682.0,True
graigmeyer,Yes,46.0,8905.0,True
cainfornc,No,45.0,553.0,True
simonforhouse,No,64.0,179.0,False
clemmons4nc,Yes,,2058.0,True
quickfornc,No,49.0,2164.0,True
rickyhurtadonc,No,27.0,1884.0,True
ericfornchouse,No,64.0,226.0,True
brewerfornc,Yes,,338.0,True
gailyoungnc,No,,2174.0,True
marybelknc,Yes,36.0,969.0,True
rayrussellfornc,Yes,,1397.0,False
christyclarknc,Yes,49.0,3412.0,True
samgrady4house,No,,1106.0,True
laurel4staterep,No,28.0,381.0,False
robinsonforoh,Yes,39.0,1465.0,True
kentksmith,Yes,54.0,2612.0,True
boyd4oh_d9,Yes,49.0,3847.0,True
stephaniehowse,Yes,41.0,4815.0,True
smithfor16,No,,791.0,True
marylightbody,Yes,68.0,1766.0,False
liston4ohio,Yes,46.0,2418.0,False
repdavidleland,Yes,67.0,3263.0,True
russo4ohio,Yes,,3360.0,True
iamdontavius,No,,697.0,False
bitter4betteroh,No,40.0,1225.0,True
brigidekelly,Yes,37.0,3425.0,True
emiliasykesoh,Yes,,10760.0,True
repgalonski,Yes,55.0,23049.0,True
campbell4ohio,No,,30.0,False
leronda_jackson,No,40.0,300.0,True
bergerforohio,No,41.0,487.0,False
voteamycox,No,41.0,808.0,True
phh4toledo,Yes,69.0,2322.0,True
nancyforohio,No,,1224.0,True
teamshowen,No,,237.0,False
zachsteppoh,No,25.0,1901.0,True
dara4ohio,No,,335.0,True
cstanleyohio,No,37.0,429.0,True
dudziakohio,No,,564.0,True
alanstate,No,,166.0,False
donnabforohio69,No,46.0,375.0,True
kevinpbarnet,No,59.0,205.0,False
melissawilde6,No,38.0,182.0,False
roberts4ohio,No,,911.0,True
barnesforohio87,No,48.0,15.0,False
chrislieboldoh,No,28.0,477.0,False
alexiscmilleroh,No,,2252.0,False
bethworkman1,No,,561.0,False
ohiohouseoneill,No,39.0,158.0,False
swope2020,No,23.0,,True
danaforohio,No,51.0,183.0,False
mjferrence,No,45.0,307.0,True
mattduvall15,No,38.0,5909.0,True
lindsayforpa106,No,,1241.0,True
kolbeforpa10,No,,518.0,False
votemullins,Yes,35.0,174.0,False
paforjbs,No,,458.0,True
votetinadavis,Yes,60.0,674.0,False
ullman_wendy,Yes,68.0,,True
robynforpa,No,,347.0,True
joewebsterpa,Yes,62.0,326.0,True
nancy4pahouse,No,,831.0,True
danielle_4pa,Yes,42.0,1702.0,True
jennomara4pa,Yes,31.0,1480.0,False
mikedoyleforpa,No,41.0,1089.0,True
voteclaudettepa,No,,584.0,True
annmarie4pa,No,55.0,782.0,False
malcolmforpa,Yes,30.0,1882.0,True
votejasonruff,No,45.0,343.0,False
fiedler4philly,Yes,,9114.0,True
amenbrownphl,No,,115.0,False
joanna4pa,Yes,39.0,1759.0,True
jaredgsolomon,Yes,41.0,1006.0,False
innamo,Yes,34.0,14228.0,True
peter_schweyer,Yes,42.0,2042.0,True
eskopov16,No,,4.0,False
marlenekatz4pa,No,,,True
summerforpa,Yes,33.0,23795.0,True
micheleforpa41,No,52.0,183.0,True
micheleknoll44,No,66.0,739.0,False
pamsnyderpa50,Yes,69.0,427.0,False
vote4runk,No,,34.0,False
taraforpa,No,,16474.0,True
julie4texas,No,,,True
chrisgturner,Yes,48.0,10874.0,True
ramos4texas,Yes,,3012.0,True
jessicafortexas,Yes,37.0,2784.0,True
skidonenkofortx,No,,3009.0,True
victoria4texas,Yes,39.0,11237.0,True
joannacattanach,No,39.0,2333.0,True
reptonirosetx,Yes,,2309.0,False
rhettaforhd113,Yes,54.0,2901.0,True
turnerfortx,Yes,,2357.0,False
juliejohnsontx,Yes,55.0,5587.0,False
tmftx,Yes,50.0,9109.0,False
pachecofortexas,Yes,34.0,440.0,False
alecjohnson4tx,No,68.0,197.0,True
celinafortexas,No,,1751.0,True
claire4texas,No,40.0,1755.0,True
vote4ina,Yes,45.0,6535.0,True
raylopezfortx,Yes,,961.0,False
natalifortexas,No,33.0,2371.0,False
kaylaalixforte1,No,,79.0,False
gina_calanni,Yes,42.0,4897.0,True
voteannjohnson,No,,2280.0,True
genefortexas,Yes,,16938.0,True
akilahbacy,No,,2541.0,True
anahdztx,Yes,42.0,8576.0,False
repmaryann,Yes,,4139.0,False
votepennyshaw,No,,1124.0,True
ronereynolds,Yes,,3191.0,True
elizmarkowitz,No,36.0,8659.0,True
ericholguintx,No,33.0,2289.0,True
repabelherrero,Yes,51.0,1254.0,False
replongoria,Yes,41.0,5821.0,False
eddielucioiii,Yes,41.0,8231.0,False
terrycanales40,Yes,41.0,11634.0,True
sherylcole1,Yes,56.0,3979.0,True
vikkigoodwintx,Yes,53.0,2953.0,True
donnahowardtx,Yes,69.0,18260.0,True
ginaforaustin,Yes,46.0,8264.0,True
celiaisrael,Yes,54.0,8576.0,True
eddiefortexas,Yes,49.0,12837.0,True
jamestalarico,Yes,31.0,13818.0,True
joepherrera,No,41.0,190.0,False
ktp4texas56,No,40.0,299.0,True
rogers4texas,No,,34073.0,True
angelafortexas,No,45.0,1427.0,True
forhd65,Yes,50.0,2765.0,True
sharon4tx,No,30.0,1729.0,True
lorenzofortexas,No,32.0,1794.0,True
ledbetter4tx68,No,,17.0,False
stephanie4tx73,No,,2626.0,True
addison4tx,No,39.0,1769.0,True
gibsonfortexas,No,49.0,323.0,False
simsfortexas,No,45.0,435.0,False
jeffwhitfieldtx,No,46.0,916.0,False
lydiabeantexas,No,40.0,2053.0,True
alisafortexas,No,,1495.0,True
dragofor96,No,52.0,,False
elizabethfortx,No,34.0,2953.0,True
debrafortexas,No,38.0,1100.0,True
emilyvoight4wi,No,,710.0,True
dora_wi,No,,77.0,False
sara4wi,No,,2260.0,True
robynvining,Yes,43.0,2372.0,True
jess4assembly,No,,648.0,True
jbrostoff,Yes,,2367.0,True
debforwi,No,,1081.0,True
emilysiegristwi,No,,3019.0,True
votekimbutler,No,,277.0,False
yacoubforwi,No,,,True
liz4wisconsin,No,,,True
masontbecker,No,,3216.0,True
loweryforwi,No,,165.0,False
winkerforwi,No,,618.0,True
izzy4wisconsin,No,,68.0,True
nate4wisconsin,No,,170.0,False
markforassembly,Yes,33.0,430.0,False
sitwithjimmy,Yes,,493.0,False
samba_madison,No,,822.0,False
kriss4wisconsin,No,,1974.0,True
bluejeannation,No,56.0,167.0,False
snodgrassforwi,No,51.0,2120.0,True
joelforwi,No,57.0,1032.0,True
gretaneubauer,Yes,29.0,2302.0,True
berge4eauclaire,No,40.0,199.0,False
voteshankland,Yes,33.0,147.0,False
criste72nd,No,,26.0,False
hong4assembly,No,,,True
johnsonforwi,No,61.0,27.0,False
kristinaad90,No,40.0,1065.0,True
jodiforassembly,Yes,48.0,488.0,True
amandawhiteeag1,No,41.0,299.0,True
jaynes4wi,No,,203.0,False
perryforwi,No,,899.0,True
french4az,No,59.0,1301.0,False
jamescita,Yes,45.0,1681.0,True
senbarbmcguire,No,66.0,1219.0,False
victorialsteele,Yes,42.0,5453.0,True
engelforarizona,No,59.0,2707.0,True
lrobinson4az,No,,691.0,False
rwkarp,No,71.0,40.0,False
ajforarizona,No,,884.0,True
seanbowie,Yes,34.0,3322.0,True
ervinforaz,No,,700.0,True
tyreeaz2020,No,31.0,332.0,False
sethblattman,No,39.0,532.0,False
lelaalstonaz,Yes,75.0,6438.0,True
mendezforaz,Yes,35.0,8090.0,True
rios_rebecca,Yes,53.0,6891.0,True
christinepmarsh,No,53.0,3490.0,True
navarreteaz,Yes,,3297.0,True
ej4sd4,No,36.0,48.0,False
hanlonforco,No,53.0,,True
randiforco,No,34.0,6089.0,True
joannginal,Yes,66.0,2763.0,False
zenzinger_atoz,Yes,44.0,2686.0,False
domoreno,Yes,35.0,4334.0,False
sally4co,No,,293.0,True
paulaforco,No,,148.0,True
jeffbridges,Yes,,5208.0,True
chriskolkerco,No,48.0,508.0,True
repjanetbuckner,No,,2668.0,True
senrhondafields,Yes,66.0,7187.0,True
hansenforco,Yes,44.0,2978.0,True
lopez4colorado,No,44.0,35.0,True
loranneausley,No,57.0,2738.0,True
melinarayna,No,45.0,182.0,False
heatherforsd7,No,,608.0,True
sigmanforsenate,No,,,False
lindastewartfl,Yes,71.0,3004.0,True
fretwellforfl,No,28.0,235.0,True
normanflsenate,No,,463.0,True
rachel_d_brown,No,23.0,432.0,True
tinapolsky,No,52.0,1116.0,True
loriberman,Yes,62.0,4752.0,True
josejavierjjr,Yes,42.0,8821.0,True
rahmanforga,Yes,59.0,644.0,False
trevagear,No,42.0,554.0,False
merritt4ga,No,,809.0,True
emanueldjones,Yes,61.0,850.0,False
travisforga,No,,72.0,False
sen_ed_harbison,Yes,,,False
kellyrosega17,No,,445.0,False
ceretta4georgia,No,,271.0,False
brookeforga27,No,51.0,682.0,False
montenia4s,No,,10.0,False
tiannaforchange,No,35.0,1.0,False
sennanorrock,Yes,76.0,7009.0,True
parketvanessa,No,,5.0,False
sallyharrellga,Yes,54.0,3908.0,True
kimforgeorgia,No,,710.0,False
elenaparent,Yes,44.0,7707.0,True
matielynjones,No,,58.0,False
zacharyperry12,No,26.0,385.0,True
dawnsenate47,No,38.0,2357.0,True
auforga,No,43.0,9851.0,True
deedaley2020,No,,73.0,True
june_krise,No,,2525.0,True
sarahzbeeson,No,28.0,1449.0,True
nikemawilliams,No,42.0,30284.0,False
gorman4iowa,No,,212.0,True
nateboulton,Yes,40.0,4151.0,False
janet4iowa,Yes,50.0,4605.0,False
debscharper,No,,68.0,False
tapscott4senate,No,53.0,108.0,False
ericgiddens4ia,Yes,47.0,947.0,True
degnerforiowa,No,,334.0,True
senator_brase,No,58.0,218.0,False
wileynickel,Yes,44.0,2734.0,True
electsamsearcy,Yes,,2470.0,True
sarahcrawfordnc,No,39.0,1453.0,True
mikewoodard,Yes,61.0,4304.0,False
jdwootennc,No,35.0,1045.0,True
helen4ncsenate,No,,,False
michaelkgarrett,Yes,35.0,1595.0,True
wwhitenc,No,51.0,163.0,True
santiagofornc,No,,487.0,True
jeffjacksonnc,Yes,38.0,61509.0,False
deandreafornc,No,,1182.0,True
natashamarcusnc,Yes,51.0,2864.0,True
wyoung4d43,No,26.0,37.0,True
briancaskeync,No,49.0,5972.0,True
joel4ohio,No,,570.0,True
kathywyenandt,No,46.0,2433.0,False
fogelforohio,No,40.0,1669.0,True
ryanottney,No,36.0,228.0,True
lettsgoohio,No,34.0,4150.0,True
betsyraderoh,No,59.0,6916.0,False
tomforohio,No,56.0,670.0,True
forswartz,No,62.0,1252.0,True
fletcher1m,No,62.0,415.0,False
nikilsaval,No,,9952.0,True
jd4pastsenate,No,23.0,,True
carolyncomitta,No,68.0,1585.0,True
shannaforpa,No,34.0,14294.0,True
audreyspankotx,No,31.0,1591.0,True
jaystittleburg,No,44.0,326.0,True
shadizitoon,No,,235.0,True
rolandfortexas,No,50.0,5625.0,False
tuckerfortexas,No,29.0,,True
nealplotkin1,No,,299.0,False
pattyforsenate,Yes,60.0,2503.0,False
piotrowski4sen,No,59.0,,False
murphyforwi,No,,261.0,True
hansenforwi,No,30.0,443.0,False
pfaff4senate,No,52.0,720.0,False
javerhart2020,No,,377.0,False
phyllisdhhall,No,,2074.0,True
drdia,No,40.0,4599.0,True
voteneighbors,No,72.0,556.0,True
sewell4congress,Yes,55.0,3098.0,False
tomohalleran,Yes,74.0,10158.0,True
ann_kirkpatrick,Yes,70.0,10930.0,True
standwithraul,Yes,72.0,3748.0,False
delina4az,No,,11033.0,True
joangreeneaz,No,,18442.0,True
hiral4congress,No,50.0,27832.0,True
rubengallego,Yes,40.0,84980.0,True
michael_muscato,No,,33732.0,True
gregstantonaz,Yes,50.0,67065.0,True
audrey4congress,No,35.0,,True
jaredhuffman,Yes,56.0,11854.0,True
johngaramendi,Yes,75.0,3850.0,True
mike_ca05,Yes,69.0,620.0,False
matsui4congress,Yes,76.0,1369.0,True
beraforcongress,Yes,55.0,3904.0,True
jerrymcnerney,Yes,69.0,1833.0,False
joshharder,Yes,34.0,14121.0,True
markdesaulnier,Yes,68.0,2534.0,True
teampelosi,Yes,80.0,645390.0,True
shahidforchange,No,46.0,126178.0,True
bleeforcongress,Yes,74.0,51719.0,True
jackiespeier,Yes,70.0,8671.0,True
ericswalwell,Yes,39.0,262404.0,True
rokhanna,Yes,44.0,239444.0,True
rishikumar1,No,53.0,1427.0,True
zoelofgren,Yes,72.0,1456.0,False
jimmypanetta,Yes,51.0,1663.0,True
tjcoxcongress,Yes,57.0,7593.0,True
philarballo2020,No,,257058.0,True
kimmangone,No,62.0,266020.0,True
carbajalsalud,Yes,55.0,2287.0,True
christyforca25,No,,57207.0,True
juliabrownley,Yes,68.0,3731.0,False
judychucampaign,Yes,67.0,776.0,False
aguilarcampaign,Yes,41.0,1191.0,True
davidkim2020,No,36.0,,True
jimmygomezca,Yes,45.0,15975.0,True
dr_raulruiz,Yes,48.0,2918.0,True
karenbasstweets,Yes,67.0,21860.0,True
michaeltolar6,No,,629.0,True
gilcisnerosca,Yes,49.0,16558.0,True
marktakano,Yes,59.0,2775.0,True
katieporteroc,Yes,46.0,373692.0,True
alanlowenthal,Yes,79.0,989.0,True
harleyrouda,Yes,58.0,78114.0,True
mikelevin,Yes,42.0,112449.0,True
acampanajjar,No,32.0,46509.0,True
scottpetersca52,Yes,62.0,2187.0,True
sdgeorgette,No,43.0,6905.0,True
sarajacobsca,No,31.0,11708.0,True
degette5280,Yes,63.0,2314.0,True
joeneguse,Yes,36.0,28625.0,True
freelandco5,No,,11628.0,True
jasoncrowco6,Yes,41.0,35007.0,True
ed4colorado,Yes,67.0,3806.0,True
joecourtneyct,Yes,67.0,1465.0,False
rosa_delauro,Yes,77.0,5230.0,True
jahimes,Yes,54.0,110790.0,True
jahanahayesct,Yes,47.0,41940.0,True
lisabrochester,Yes,58.0,6052.0,True
philehr,No,60.0,223087.0,True
ac4congress2020,No,29.0,34689.0,True
donnadeegan,No,58.0,13937.0,True
smurphycongress,Yes,42.0,6928.0,True
jk4florida,No,39.0,17026.0,True
darrensoto,Yes,42.0,5911.0,True
val_demings,Yes,63.0,13394.0,True
kw4congress,No,51.0,717.0,True
charliecrist,Yes,64.0,33107.0,True
kathycastorfl,Yes,54.0,2496.0,True
alanmcohn,No,57.0,11785.0,True
goodforflorida,No,30.0,13886.0,True
allenlellison,No,39.0,13699.0,True
pamkeithfl,No,50.0,110660.0,True
swflmom2020,No,42.0,16281.0,True
loisfrankel,Yes,72.0,2957.0,True
dwstweets,Yes,54.0,357829.0,True
debbieforfl,Yes,49.0,21737.0,True
donnashalala,Yes,79.0,22959.0,True
congressjoyce,No,69.0,,False
valforcongress3,No,69.0,357.0,True
lucymcbath,Yes,60.0,119033.0,False
carolyn4ga7,No,50.0,74350.0,True
devinpandy,No,46.0,14287.0,True
tjg4ga,No,48.0,546.0,False
thedanabarrett,No,54.0,7489.0,True
electdavidscott,Yes,75.0,1432.0,True
kevinvanausdal,No,25.0,6403.0,False
abby4iowa,Yes,31.0,28422.0,False
axne4congress,Yes,55.0,14656.0,True
rudy4congress,No,32.0,,True
robinlynnekelly,Yes,64.0,6574.0,True
marie4congress,No,56.0,42638.0,True
quigleycampaign,Yes,62.0,1271.0,False
votecasten,Yes,48.0,3895.0,True
dannykdavis7th,Yes,79.0,190.0,False
rajaforcongress,Yes,47.0,2991.0,True
schneider4il10,Yes,59.0,18881.0,True
foster4congress,Yes,65.0,2229.0,True
laurenunderwood,Yes,34.0,128719.0,True
daniforcongress,No,,2773.0,True
cheribustos,Yes,59.0,13129.0,True
chip4congress,No,,1098.0,True
joe4hoosiers,No,,689.0,True
haleindy,No,,9086.0,True
jeannineleelake,No,51.0,4147.0,True
andre4congress,Yes,46.0,2891.0,False
andyruffin9,No,,489.0,True
kaliforkansas,No,35.0,1140.0,True
michelle4kansas,No,44.0,4148.0,True
sharicedavids,Yes,40.0,135257.0,True
lauraforkansas,No,36.0,1210.0,True
rhodes4congress,No,,,False
hank4ky,No,,532.0,True
amowensby,No,42.0,12178.0,True
bestforky,No,,610.0,True
joshhicksky,No,44.0,7134.0,False
jakeauch,No,32.0,3254.0,True
sethmoulton,Yes,42.0,148620.0,True
williamkeating,Yes,68.0,3942.0,False
mia4md,No,24.0,33103.0,True
johnsarbanes,Yes,58.0,4144.0,True
anthonybrownmd4,Yes,58.0,8156.0,True
mfume4congress,Yes,72.0,3392.0,False
jamie_raskin,Yes,57.0,16363.0,True
pubtheologian,No,44.0,4799.0,True
hillaryscholten,No,30.0,11821.0,True
hilliardforcong,No,,495.0,False
jonhoadley,No,37.0,10827.0,True
elissaslotkin,Yes,44.0,48360.0,True
andy_levin,Yes,60.0,7598.0,True
electbizon2020,No,51.0,2952.0,True
haleylive,Yes,37.0,27732.0,True
debdingell,Yes,66.0,17175.0,True
rashidatlaib,Yes,44.0,1247007.0,True
angiecraigmn,Yes,48.0,20102.0,True
coribush,No,44.0,392928.0,True
jillschupp,No,,10547.0,True
lynzforcongress,No,32.0,31625.0,True
montsenyt,No,52.0,762.0,True
ellis4congress,No,64.0,4662.0,True
antonia4ms1,No,39.0,1499.0,True
williamsformt,No,59.0,7685.0,True
dwb4congress,No,46.0,2141.0,True
kathymanningnc,No,64.0,7076.0,True
timmonsgoodson,No,66.0,7104.0,True
parker4nc10,No,66.0,59.0,True
almaforcongress,Yes,74.0,4600.0,True
huffmanfornc,No,,46792.0,True
katejbolz,No,41.0,6486.0,True
karaforcongress,No,48.0,24375.0,True
markelworthjr,No,44.0,330.0,False
chrispappasnh,Yes,40.0,13748.0,True
amykennedy715,No,,13147.0,True
stephlschmid,No,40.0,2623.0,True
joshgottheimer,Yes,45.0,6524.0,True
malinowski,Yes,55.0,39510.0,True
albiosiresnj,Yes,69.0,537.0,True
mikiesherrill,Yes,48.0,42419.0,True
bonnie4congress,Yes,75.0,3633.0,True
xochforcongress,Yes,35.0,13159.0,True
teresafornm,No,60.0,4536.0,True
dinatitus,Yes,70.0,11099.0,True
packermannv,No,38.0,1233.0,True
susieleenv,Yes,53.0,7774.0,True
kathleenrice,Yes,55.0,6432.0,True
gregmeeksnyc,Yes,67.0,1153.0,False
grace4ny,Yes,45.0,22936.0,True
voteyvette,Yes,55.0,1729.0,True
carolynbmaloney,Yes,74.0,32590.0,True
aoc,Yes,31.0,10599110.0,True
ritchietorres,No,,59702.0,True
dana_balter,No,43.0,12475.0,True
higgins4wny,Yes,61.0,1042.0,False
kateforcongress,No,43.0,7146.0,True
joycebeatty,Yes,70.0,6244.0,True
shannonfreshour,No,,208716.0,True
nickrubando,No,32.0,2507.0,True
robertsohiod6,No,,2998.0,True
quentinforoh7,No,,,True
drvenoch,No,50.0,3866.0,True
marcy_kaptur,Yes,74.0,2672.0,True
timsdesiree,No,32.0,31729.0,True
mlfudge,Yes,68.0,7928.0,False
votealaina2020,No,41.0,19043.0,True
timryan,Yes,47.0,47882.0,True
hillarymueri,No,43.0,25607.0,True
newbyoh15,No,30.0,2724.0,True
danyell_lanier,No,,3113.0,False
electbrannon,No,68.0,978.0,False
spenser2020,No,,292.0,True
repblumenauer,Yes,72.0,71520.0,True
defazio4oregon,Yes,73.0,3313.0,True
voteschrader,Yes,69.0,502.0,True
dwightevanspa,Yes,66.0,3917.0,True
madeleinedean,Yes,61.0,14622.0,True
marygayscanlon,Yes,61.0,9367.0,True
joecunninghamsc,Yes,38.0,43671.0,True
adair4congress,No,40.0,,True
clevelandhosea,No,59.0,1535.0,True
kimforsc,No,36.0,7799.0,True
moebrownsc,No,32.0,5687.0,True
blairwalsingham,No,32.0,5540.0,True
rvhoyos,No,55.0,10104.0,True
meg4congress,No,,13871.0,True
coopforcongress,Yes,66.0,1933.0,True
kiran4congress,No,39.0,1194.0,False
pearsoncongress,No,,229.0,False
reelectcohen,Yes,71.0,1098.0,False
hank4texas,No,61.0,23511.0,False
simafortx,No,,65689.0,True
lulufortexas,No,34.0,26261.0,True
russellfostertx,No,45.0,13471.0,True
salterfortexas,No,61.0,2360.0,True
stephendaniel,No,43.0,3375.0,True
lizfortx8,No,37.0,33719.0,True
repalgreentx,Yes,73.0,1049.0,False
siegelfortexas,No,42.0,36429.0,True
jonmarkhogg,No,54.0,1610.0,True
welch_tx,No,53.0,20780.0,True
gusfortx,No,,1271.0,True
adrbell,No,,17736.0,True
vgescobar,Yes,51.0,34172.0,True
sjl4hrc,Yes,70.0,1074.0,False
tomwatsontx19,No,78.0,1131.0,True
castro4congress,Yes,46.0,55485.0,True
sripkulkarni,No,42.0,15783.0,True
ginaortizjones,No,29.0,42108.0,True
candacefor24,No,36.0,25385.0,True
julieolivertx,No,,40421.0,True
cuellarcampaign,Yes,65.0,968.0,False
lacongresista,Yes,70.0,19300.0,True
donnaimamtx,No,,24180.0,True
colinallredtx,Yes,37.0,25908.0,True
marcveasey,Yes,49.0,6507.0,True
lloyddoggetttx,Yes,74.0,3212.0,True
rlewis4congress,No,34.0,390.0,False
kaelweston,No,,3644.0,True
benmcadams,Yes,45.0,19031.0,True
qasimrashid,No,36.0,300623.0,True
voteforbetts,No,31.0,,True
welchforvt,Yes,73.0,2054.0,True
suzandelbene,Yes,58.0,4202.0,True
larsenrick,Yes,55.0,3285.0,True
electlong,No,53.0,8732.0,True
elect_davew,No,65.0,233.0,True
derekkilmer,Yes,46.0,1946.0,True
pramilajayapal,Yes,55.0,142361.0,True
drkimschrier,Yes,52.0,10465.0,True
bethdoglio,No,55.0,4600.0,True
stricklandforwa,No,58.0,3523.0,True
rogerforwi,No,38.0,1685.0,True
markpocan,Yes,56.0,21103.0,True
tomforwi,No,60.0,6588.0,True
triciaforwi,No,40.0,9635.0,True
amandastuck8,No,37.0,1406.0,True
natalieclinewv,No,39.0,,True
kunkel4congress,No,36.0,3022.0,True
hilaryturnerwv,No,33.0,3336.0,True
greybull4wy,No,43.0,1247.0,True
judyamabilehd13,No,,266.0,True
tonyexum,Yes,,1402.0,False
megforcolorado,No,,156.0,True
kennedy4co,Yes,,1923.0,True
lindseyforco,No,34.0,266.0,True
kyra4colorado,No,54.0,266.0,True
realhollyherson,No,35.0,265.0,True
yzokaie,No,,1162.0,True
repjeniarndt,Yes,56.0,2594.0,True
slavenemondhd54,No,,2.0,False
giugicarminati,No,,516.0,False
barbaraforco,Yes,53.0,1171.0,False
donaldvaldezco,Yes,39.0,580.0,False
angiehoover20,No,,768.0,True
johnforflorida,No,,614.0,True
abaysflh6,No,,209.0,True
khan4florida,No,,58.0,True
allisontantfl,No,,4000.0,True
rockforflorida,No,,88.0,True
rosshancockfl,No,66.0,235.0,True
duranforflorida,Yes,,2378.0,True
votejoshuahicks,No,,1385.0,True
esblimie,No,,118.0,False
angienixon,No,,3973.0,True
tammyettet,No,,309.0,False
benmarcus,No,,1493.0,False
daverpvb,No,,668.0,True
votedukes_fl32,No,56.0,203.0,True
gosaidushyant,No,,47.0,False
laufenberg2020,No,75.0,39.0,False
electgeraldine,Yes,71.0,649.0,True
annaforflorida,Yes,27.0,34867.0,True
joanforflorida,No,,607.0,True
algriffiths9,No,67.0,94.0,True
mrh_civics,No,50.0,894.0,False
clforfl58,No,,191.0,True
davidforfl,No,,276.0,True
davidjones4fl75,No,,328.0,True
williams_for_78,No,,409.0,True
ej4_fl,No,,858.0,True
dewmac52,Yes,66.0,1004.0,False
samforgeorgia,Yes,35.0,7248.0,True
mokahforgeorgia,No,38.0,3226.0,True
quentinthowell,No,42.0,419.0,False
kittrellvote,No,,20.0,False
evansprimus,No,,69.0,False
hughes4ga,No,43.0,98.0,False
pete_fuller_ga,No,,688.0,True
priscilla4ga,No,64.0,365.0,False
ryner_james,No,,4.0,True
erickallen,Yes,,1542.0,False
connie4georgia,No,44.0,603.0,True
tindallsara,No,,2413.0,True
carolinefor46,No,45.0,333.0,True
anthia_ga_hd47,No,,,False
jasonforga,No,43.0,245.0,True
voteboddie62,Yes,43.0,461.0,False
vote4_jackson,Yes,54.0,364.0,False
thomasfor65,No,,116.0,False
wilenskyforga,Yes,41.0,1472.0,True
rhondataylorga,No,,2443.0,False
mbcampbell4ga,No,,575.0,True
bjorn4four,No,35.0,48.0,False
pellant4house,No,48.0,,True
wesbreckenridge,Yes,52.0,794.0,False
dennisevans4ia,No,,118.0,False
repjacoby,Yes,64.0,318.0,False
kimmer3737,No,32.0,3985.0,True
kurth_monica,Yes,70.0,770.0,False
tateformichigan,Yes,39.0,806.0,True
richsteenland,No,50.0,31.0,False
mike_chehab,No,,131.0,False
cneeley34,Yes,,95.0,False
votekellybreen,No,43.0,2885.0,True
electkennedy20,Yes,31.0,188.0,False
feliciabrabec,No,,441.0,True
eastelect,No,,186.0,True
andreakellygar2,No,,51.0,True
electanitabrown,No,,211.0,False
repsabo92,Yes,,723.0,False
briankelder,Yes,44.0,929.0,False
thencrep,Yes,72.0,1814.0,False
samedney4wnc,No,70.0,,True
susanfisher114,Yes,65.0,2185.0,True
rayesmithjr,Yes,59.0,169.0,False
jdgailliard,Yes,,2111.0,False
repwray,Yes,,1572.0,False
zackhawkinsnc,Yes,41.0,2299.0,True
rep_rosa_gill,Yes,74.0,2411.0,True
juliefornc,Yes,,2742.0,True
jacksonfornc,Yes,49.0,5186.0,False
goncrichardson,Yes,65.0,1166.0,True
cynthiafornc,Yes,66.0,1722.0,True
electreives,Yes,50.0,1445.0,False
verlainsko,Yes,84.0,3608.0,True
brandongraync,No,,6585.0,True
amber_m_baker,No,,197.0,False
gayleharrisnc,No,,12.0,True
terrybrownclt,No,24.0,858.0,True
bostfornc,No,,526.0,False
joanieforohio,No,53.0,419.0,False
nancy4ohio,No,38.0,2329.0,False
ericaccrawley,Yes,39.0,2956.0,True
jessicaemiranda,Yes,34.0,2410.0,False
cingram32,Yes,70.0,995.0,False
forsobecki,Yes,49.0,788.0,False
michelleenovak,No,40.0,619.0,True
joemiller4ohio,Yes,,903.0,True
electtroy,No,,116.0,False
joefor84,No,,58.0,False
ryanbizzarro,Yes,34.0,3721.0,True
pattyhkim,Yes,47.0,3452.0,False
pattysmithforpa,No,,172.0,False
rodasforpa,No,26.0,3080.0,True
samdoctor4pa,No,,56.0,False
edp4rep,Yes,,24.0,False
piconeforpa,No,34.0,198.0,False
manny_guzman610,No,31.0,541.0,True
danielforpa,No,45.0,3062.0,True
taramzrinski,No,45.0,466.0,True
mariankeegan,No,65.0,38.0,True
ruggieripa13,No,,136.0,False
ciresiforpa,Yes,50.0,507.0,False
votewilson2020,No,28.0,76.0,False
napoleonfor154,No,35.0,137.0,True
melissaforpa,Yes,53.0,1336.0,True
friendsofantona,No,50.0,508.0,True
leanne4pa,Yes,,2891.0,True
repmargodavidso,Yes,54.0,1269.0,True
debciamacca,No,,662.0,True
robmatzie,Yes,52.0,2867.0,True
buckforpa,No,,409.0,True
maryisaacson,Yes,52.0,230.0,False
jasontdawkins,Yes,,574.0,False
briansimspa,Yes,42.0,106774.0,True
jordanharrispa,Yes,,91.0,False
voteblichar,No,25.0,202.0,False
rick4westphilly,No,,4032.0,True
adamforpa,No,56.0,182.0,False
morgan_cephas,Yes,36.0,563.0,False
burgosfor197,Yes,45.0,921.0,True
jakewheatleypa,Yes,45.0,8.0,False
rabb4thepeople,Yes,,1054.0,True
emily4pa20,No,,1113.0,True
paulfrielforpa,No,,147.0,False
lissaforpa,No,,1096.0,True
jessicalbenham,No,,4969.0,True
padora4pa,No,,227.0,True
nickforpa,No,,266.0,False
votedanmiller,Yes,46.0,614.0,False
byronstatereppa,No,45.0,151.0,False
steve_malagari,Yes,36.0,579.0,False
prahfor58,No,,,False
lizforpa,Yes,,929.0,False
dan4pa74,Yes,50.0,69.0,False
electjoewaltz,No,,113.0,False
conklinforpa,Yes,62.0,128.0,True
ianforpa,No,,137.0,False
waldman4the84th,No,35.0,60.0,False
votenicmiller,No,,720.0,True
danaforpa,No,48.0,224.0,True
troutmanforpa,No,,36.0,False
hodgeforhouse,No,,95.0,False
prince4txrep,No,,46.0,False
jasminefor100,No,39.0,2690.0,True
rafaelanchia,Yes,52.0,13783.0,True
carl_sherman_tx,Yes,54.0,935.0,False
brandyfortexas,No,47.0,4011.0,True
votelizcampos,No,,101.0,False
bryanjameshenry,No,,285.0,True
repallentx131,Yes,,1034.0,True
jon_rosenthaltx,Yes,57.0,2507.0,True
bucyfortexas,Yes,,4412.0,False
jarvisjohnsontx,Yes,46.0,669.0,False
repwalle,Yes,42.0,12374.0,True
repthierry146,Yes,,2707.0,True
gfcoleman,Yes,59.0,8720.0,False
michael_r_walsh,No,,54.0,False
repjoedeshotel,Yes,68.0,5272.0,False
brianjrogers,No,37.0,5578.0,True
ryanguillen,Yes,43.0,6364.0,False
andoconmando39,Yes,44.0,3117.0,False
rdbobbyguerra,Yes,,2711.0,False
kekefortexas,No,,2921.0,True
texansforsam,No,,466.0,True
moralesfortexas,No,45.0,93.0,False
repmarygonzalez,Yes,35.0,12084.0,True
moodyforelpaso,Yes,39.0,8394.0,True
repramonromero,Yes,49.0,4027.0,False
khforassembly,No,,,False
myers4assembly,Yes,36.0,133.0,False
jroccocal,No,44.0,476.0,True
katherinegaulke,No,39.0,511.0,True
tylerruprechtwi,No,,261.0,True
tip4wi,Yes,,543.0,False
electjacobwi,No,22.0,1938.0,True
kristinforwi,No,49.0,839.0,True
rosannagabaldon,No,64.0,1267.0,True
mendoza4az,No,29.0,2347.0,True
senquezada29,Yes,44.0,14922.0,True
sonyajlewis,No,,806.0,False
stevefenberg,Yes,36.0,3426.0,True
coleman4co,No,,231.0,True
butler4flsen,No,50.0,,True
randolphbracy,Yes,43.0,1275.0,False
victorres_fl,Yes,,1100.0,False
darrylrouson,Yes,66.0,4712.0,False
tonyforflorida,No,,200.0,False
corinnarobinson,No,,220.0,True
shevrinjones,No,,17452.0,True
electjavier,No,45.0,3220.0,True
senatorjen,Yes,,13373.0,True
christineforga,No,53.0,3839.0,True
valenciaseay,Yes,67.0,1840.0,False
votevarley,No,,3170.0,True
norrisforiowa,No,34.0,106.0,False
sarahforiowa,No,39.0,1534.0,True
cynthiapash,No,,1383.0,True
ikejohnsonnc,No,,294.0,False
harper4nc,Yes,,2229.0,True
jay_chaudhuri,Yes,51.0,4500.0,True
kdeviere,Yes,51.0,3878.0,True
nataliefornc,Yes,,1737.0,True
fousheefornc,Yes,64.0,421.0,True
janeledwellgant,No,,,False
gladysarobinson,Yes,,391.0,False
legrandwsnc,No,,1585.0,True
mmohammednc,Yes,,2727.0,False
davidbwheeler,No,55.0,1125.0,True
streetforpa,Yes,46.0,852.0,True
gscott4pa,No,,2199.0,True
amandaforpa,No,32.0,1063.0,True
margie4pasenate,No,,383.0,False
senatepa,No,39.0,296.0,True
sternerforpa,No,65.0,22.0,False
_shaundougherty,No,,5664.0,False
pamforpa,Yes,,4700.0,False
2020tay,No,66.0,133.0,False
tony_deloreto,No,,88.0,False
jaycostapa,Yes,62.0,94.0,True
brewster4senate,Yes,,125.0,False
julieslomski,No,43.0,804.0,True
txchuy,Yes,,7477.0,False
menendez4texas,Yes,51.0,10633.0,True
cesarjblanco,No,,7825.0,True
vocke4wi,No,,,True
melissa4senate,No,51.0,252.0,True
wojoforwi,No,,413.0,True
keldahelenroys,No,,8799.0,True
alysegalvin,No,53.0,5367.0,True
brynnespeak,No,36.0,6777.0,True
bubser4congress,No,,1525.0,True
eshoo4congress,Yes,77.0,664.0,True
adamschiff,Yes,60.0,507013.0,True
angelica4ca,No,,15912.0,True
tedlieu,Yes,51.0,1499739.0,True
norma4congress,Yes,55.0,1894.0,True
lindatsanchez,Yes,51.0,931.0,True
liamomaraiv,No,46.0,8590.0,True
nanette4ca,Yes,44.0,3673.0,True
repdmb,No,63.0,8839.0,True
ike4co,No,,2849.0,True
johnlarsonct,Yes,72.0,3014.0,True
kristythripp,No,,68.0,False
allawsonjr,Yes,72.0,1439.0,False
alangrayson,No,,68529.0,True
clint4congress,No,62.0,289.0,False
sufiyahyasmine,No,,6.0,False
danaforcongress,No,50.0,,True
alcee4congress,Yes,84.0,558.0,True
teddeutch,Yes,,11902.0,True
fswinthehouse,Yes,77.0,100.0,False
reelecthank,Yes,,1686.0,False
lizforga12th,No,,,False
edcasehawaii,Yes,,2099.0,False
kaikahele,No,,90306.0,True
ritahartia,No,64.0,4508.0,True
jdscholten,No,40.0,130868.0,True
bobbyrushfor1st,Yes,73.0,464.0,True
chuyforcongress,Yes,,18394.0,True
janschakowsky,Yes,76.0,49042.0,True
lenzi4congress,No,,411.0,True
betsyforil,No,,8521.0,True
weaver4illinois,No,34.0,364.0,True
mrvan4congress,No,50.0,564.0,False
hackettcongress,No,,2666.0,True
hope_in8,No,28.0,654.0,True
nealforcongress,Yes,71.0,891.0,True
mcgovernma,Yes,60.0,6737.0,True
katherineclark,Yes,57.0,11595.0,True
ayannapressley,Yes,46.0,858599.0,True
replynch,Yes,65.0,4705.0,False
godutchformd,Yes,74.0,242.0,False
stenyhoyer,Yes,81.0,6974.0,True
davidjtrone,Yes,65.0,8813.0,True
golden4congress,Yes,38.0,7639.0,True
fergusonformi1,No,38.0,1946.0,True
dankildee,Yes,,5436.0,True
gdriskell,No,62.0,5567.0,True
danielfeehan,No,,11117.0,True
deanbphillips,Yes,,14744.0,True
votebetty,Yes,,1225.0,True
ilhanmn,Yes,,2649100.0,True
tawnja4congress,No,,607.0,False
quinnnystrom,No,,4094.0,True
vote4cleaver,Yes,76.0,1096.0,True
drgenalross,No,37.0,428.0,True
deborahrossnc,No,57.0,8245.0,True
wardcongress,No,,178.0,True
wallacecongress,No,49.0,2809.0,True
moenc11,No,,2163.0,True
zachfornd,No,,668.0,False
annmclanekuster,Yes,,5885.0,True
donnorcross4nj,Yes,61.0,2704.0,True
andykimnj,Yes,,20657.0,True
pallonefornj,Yes,69.0,3670.0,True
pascrellfornj,Yes,83.0,11191.0,True
deb4congressnm,Yes,60.0,102395.0,True
stevenhorsford,Yes,47.0,11199.0,True
ngoroff,No,,7777.0,True
votejackie4ny,No,,8911.0,True
tom_suozzi,Yes,,5421.0,True
reelectnydia,Yes,,4725.0,True
hakeem_jeffries,Yes,,18330.0,True
jerrynadler,Yes,,22172.0,True
maxrose4ny,Yes,,33354.0,True
jamaalbowmanny,No,,238962.0,True
mondairejones,No,,83100.0,True
spmaloney,Yes,,6464.0,True
delgadoforny19,Yes,,28912.0,True
paultonko,Yes,,2782.0,True
tedracobb,No,,264723.0,True
abrindisiny,Yes,,13360.0,True
mitranoforny23,No,,11948.0,True
votemorelle,Yes,,1662.0,True
nate_mcmurray,No,,19040.0,True
jaimecastleoh,No,43.0,2561.0,False
godfreyforoh16,No,34.0,2509.0,True
kojoforcongress,No,34.0,,True
zoecongress2020,No,,20197.0,False
hornforcongress,Yes,44.0,10925.0,True
finelloforpa,No,,26367.0,True
repbrendanboyle,Yes,43.0,40403.0,True
houlahanforpa,Yes,,20614.0,True
wildforcongress,Yes,,6751.0,True
cartwrightpa,Yes,,2174.0,True
drgarywegman,No,,4609.0,True
depasqualepa,No,49.0,12822.0,True
sarahforus,No,27.0,1199.0,True
toddrowleypa13,No,,7748.0,True
billforpa14,No,44.0,1983.0,True
williamsfor15,No,54.0,,True
kristy4congress,No,35.0,31280.0,True
conorlambpa,Yes,36.0,98615.0,True
rep_doyle,Yes,,174.0,True
langevinforri,Yes,,1170.0,True
clyburnsc06,Yes,,14640.0,True
melissawatsonf1,No,43.0,2456.0,True
chrisjollyhale,No,,40684.0,True
lizzie4congress,Yes,,16176.0,False
rickkennedytx17,No,58.0,5073.0,True
wendydavis,No,57.0,212149.0,True
caroltx26,No,,,True
ricky4congress,No,30.0,3088.0,False
filemonvela,Yes,57.0,1217.0,False
devindthorpe,No,55.0,41396.0,True
elaineluriava,Yes,45.0,37184.0,True
bobbyscott4va3,Yes,,3272.0,True
donald_mceachin,Yes,59.0,7494.0,True
drcameronwebb,No,37.0,24981.0,True
spanbergerva07,Yes,41.0,55493.0,True
donbeyerva,Yes,70.0,6454.0,True
jenniferwexton,Yes,52.0,26264.0,True
electconnolly,Yes,,3105.0,True
vote4mckinley,No,,347.0,False
electadamsmith,Yes,55.0,928.0,True
kindforcongress,Yes,,4401.0,True
gwen4congress,Yes,69.0,3615.0,True
jessicaking6th,No,44.0,1237.0,True
