Tweet ID,Tweet Timestamp,Tweet Type,Tweet Text,Twitter Author Name,Twitter Author Screen Name,Twitter Author ID,Retweets,Likes,URLs,Hashtags,Mentions,Media Type,Media URL,Nested Tweet ID,Nested Timestamp,Nested Author Name,Nested Author Screen Name,Nested Author ID,Nested Text,Nested Retweets,Nested Likes,Nested URLs,Nested Hashtags,Nested Mentions,Nested Media Type,Nested Media URL,OT Tweet ID (RT of QT only),OT Timestamp (RT of QT only),OT Author Name (RT of QT only),OT Author Screen Name (RT of QT only),OT Author ID (RT of QT only),Scrape Timestamp,preprocessed_Tweet Text
1311311286324490243,2020-09-30 14:25:48,Standard Tweet,"Last night we saw a president unwilling to denounce white supremacy, to acknowledge climate change, to act with  a level of decency we should expect from our president. My opponent hasn‚Äôt and won‚Äôt denounce him for any of it. Help me here:  https://t.co/UD0qgxChjE",Christy Smith,ChristyforCA25,4699063596,88,234,['https://secure.actblue.com/donate/christysmithforcongress-sm'],[],[],,[],,,,,,,,,[],[],,,[],,,,,,04Oct20_144732,last night saw president unwilling denounce white supremacy acknowledge act level decency expect president opponent hasnt wont denounce
1309995134004523008,2020-09-26 23:15:53,Quote Tweet,"What happens next will define us for generations.

For our health care, reproductive rights, election security, worker protections, the future of our climate, get involved with elections up and down the ballot and #vote. https://t.co/N1gZfz7xJJ",Christy Smith,ChristyforCA25,4699063596,83,230,['https://twitter.com/CNNPolitics/status/1309963502812094465'],['vote'],[],,[],1.3099635028120945e+18,Sat Sep 26 21:10:11 +0000 2020,CNN Politics,CNNPolitics,13850422.0,BREAKING: President Trump is nominating conservative federal appeals court judge Amy Coney Barrett to succeed Ruth Bader Ginsburg on the Supreme Court https://t.co/YPuRig4blh https://t.co/Qlxchmmx97,1290.0,5275.0,['https://cnn.it/3mViOAk'],[],[],photo,['http://pbs.twimg.com/media/Ei3s3Q1XYAAA7xs.png'],,,,,,04Oct20_144732,happens next define generations health care reproductive rights election security worker protections future involved elections ballot vote
1309522412396900352,2020-09-25 15:57:27,Quote Tweet,"In 39 days, we‚Äôre sending Mike Garcia packing. Too much is at stake ‚Äî reproductive rights, health care, voting rights, our climate... https://t.co/DgASdgGnc3",Christy Smith,ChristyforCA25,4699063596,375,1205,['https://twitter.com/Politics_Polls/status/1309509943805071365'],[],[],,[],1.3095099438050714e+18,Fri Sep 25 15:07:54 +0000 2020,Political Polls,Politics_Polls,1903105045.0,"#CA25 GE:
Christy Smith (D) 51% (+6)
Mike Garcia (R-inc) 45%
.
Biden 53% (+8)
Trump 45%

Normington, Petts &amp; Associates/@HouseMajPAC (D), LV, 9/21-23
https://t.co/gDhCrPUhLm",112.0,497.0,['https://nmcdn.io/e186d21f8c7946a19faed23c3da2f0da/7c9798eaafd54081881797bf9a163295/files/research/CA25-Poll-092420.pdf'],['CA25'],"[{'screen_name': 'HouseMajPAC', 'name': 'House Majority PAC', 'id': 285578853, 'id_str': '285578853', 'indices': [124, 136]}]",,[],,,,,,04Oct20_144732,39 days sending mike garcia packing stake reproductive rights health care voting rights
1309212289279488000,2020-09-24 19:25:08,Standard Tweet,"The staggering number of Americans breathing unhealthy air due to the Western wildfires is why we need climate action now. I promise you this: In Congress, I will take on corporate polluters and hold them accountable.
https://t.co/K8SIGff6lr",Christy Smith,ChristyforCA25,4699063596,52,135,['https://www.npr.org/2020/09/23/915723316/1-in-7-americans-have-experienced-dangerous-air-quality-due-to-wildfires-this-ye?utm_medium=JSONFeed&utm_campaign=health'],[],[],,[],,,,,,,,,[],[],,,[],,,,,,04Oct20_144732,staggering number americans breathing unhealthy air due western wildfires promise congress corporate polluters hold accountable
1308534381267398656,2020-09-22 22:31:22,Standard Tweet,"Fighting for fairness and freedom means a fight for...

üá∫üá∏Universal Health Care
üá∫üá∏Unassailable Voting Rights
üá∫üá∏Fair wages &amp; job protections
üá∫üá∏Climate Action
üá∫üá∏An end to systemic racism 

Anyone peddling an agenda to destroy these priorities as ‚Äúfreedom‚Äù is lying to you.",Christy Smith,ChristyforCA25,4699063596,159,360,[],[],[],,[],,,,,,,,,[],[],,,[],,,,,,04Oct20_144732,fairness freedom means universal health care unassailable voting rights fair wages job protections end systemic racism anyone peddling agenda destroy priorities freedom lying
1307496518723579905,2020-09-20 01:47:16,Standard Tweet,"2020 has thrown a lot our way, including climate-change fueled wildfires threatening homes &amp; families in #CA25. Grateful to @RedCrossLA volunteers stationed at Palmdale High helping #AntelopeValley evacuees. Praying for everyone‚Äôs safety - we will get through this together. https://t.co/W5uQlGleRs",Christy Smith,ChristyforCA25,4699063596,38,122,[],"['CA25', 'AntelopeValley']","[{'screen_name': 'RedCrossLA', 'name': 'Red Cross Los Angeles', 'id': 14720319, 'id_str': '14720319', 'indices': [128, 139]}]",photo,"['http://pbs.twimg.com/media/EiUpJcZVkAAF8X5.jpg', 'http://pbs.twimg.com/media/EiUpJcZU0AABD_y.jpg']",,,,,,,,,[],[],,,[],,,,,,04Oct20_144732,2020 thrown lot way fueled wildfires threatening homes families grateful redcrossla volunteers stationed palmdale high helping antelopevalley evacuees praying everyones safety together
1306008564314574856,2020-09-15 23:14:40,Standard Tweet,"Gen Z daughter: 
Mom, why anyone would expect young people to be hopeful about planning a future right now is beyond me. 

Me: 
üò°- unacceptable our next generation feels hopeless. That‚Äôs why climate, healthcare, housing, education, racial &amp; economic justice top my priorities.",Christy Smith,ChristyforCA25,4699063596,104,423,[],[],[],,[],,,,,,,,,[],[],,,[],,,,,,04Oct20_144732,gen z daughter mom anyone would expect young hopeful planning future right beyond unacceptable next generation feels hopeless thats healthcare housing education racial economic justice top priorities
1305894721827385354,2020-09-15 15:42:18,Standard Tweet,"Science knows, and climate change is real. 

Our firefighters are on the frontlines of climate change. As wildfires rage in neighboring communities and along the West Coast, please join me in thanking the more than 16,000 brave firefighters saving families and homes across CA. https://t.co/65KsThX8j4",Christy Smith,ChristyforCA25,4699063596,67,163,[],[],[],photo,['http://pbs.twimg.com/media/Eh94U8sUMAMkXXU.jpg'],,,,,,,,,[],[],,,[],,,,,,04Oct20_144732,science knows real firefighters frontlines wildfires rage neighboring communities along west coast please thanking 16000 brave firefighters saving families homes across
1303424134957809664,2020-09-08 20:05:04,Standard Tweet,2.3 million acres burned with active fires raging across CA. I‚Äôm the only candidate in #CA25 with an environmental platform. Climate change is real and it‚Äôs threatening our survival. It‚Äôs time to vote like it.,Christy Smith,ChristyforCA25,4699063596,138,462,[],['CA25'],[],,[],,,,,,,,,[],[],,,[],,,,,,04Oct20_144732,23 million acres burned active fires raging across candidate environmental platform real threatening survival vote
1294635132880474113,2020-08-15 14:00:43,Standard Tweet,".#CA25 is home to Aliso Canyon, site of the biggest methane blowout in US history. Once elected I‚Äôll fight like hell to restore these protections. I will not leave my constituents vulnerable to more harm.   https://t.co/EHk7csxUW2",Christy Smith,ChristyforCA25,4699063596,70,191,['https://www.nytimes.com/2020/08/13/climate/trump-methane.amp.html'],['CA25'],[],,[],,,,,,,,,[],[],,,[],,,,,,04Oct20_144733,home aliso canyon site methane blowout history elected hell restore protections leave constituents vulnerable harm
1275971623896539136,2020-06-25 01:58:36,Standard Tweet,"The climate crisis may not be front of mind right now, but it‚Äôs no less urgent. I‚Äôm proud to be a climate leader &amp; will press the issue in the #CA25 debate. Home to the recent  Woolsey, Tick, Easy and Saddleridge Fires- we are the front lines.   https://t.co/LAe0xMIj2I",Christy Smith,ChristyforCA25,4699063596,39,152,['https://www.newyorker.com/news/annals-of-a-warming-planet/what-stands-in-the-way-of-making-the-climate-a-priority'],['CA25'],[],,[],,,,,,,,,[],[],,,[],,,,,,04Oct20_144733,front mind right less urgent proud leader press issue debate home recent woolsey tick easy saddleridge fires front lines
1275081357245341706,2020-06-22 15:01:00,Quote Tweet,"I'm grateful to be endorsed by @NRDC_AF, an organization dedicated to climate justice to ensure the rights of all people to clean air, clean water, and healthy communities. Thank you for your support! #CA25 #climatejustice https://t.co/tHVm6XCEhE",Christy Smith,ChristyforCA25,4699063596,22,100,['https://twitter.com/NRDC_AF/status/1272636441269612554'],"['CA25', 'climatejustice']","[{'screen_name': 'NRDC_AF', 'name': 'NRDC Action Fund', 'id': 56495963, 'id_str': '56495963', 'indices': [31, 39]}]",,[],1.2726364412696123e+18,Mon Jun 15 21:05:46 +0000 2020,NRDC Action Fund,NRDC_AF,56495963.0,"Today, we‚Äôre endorsing 11 more candidates for the U.S. House and Senate. They will fight to create clean energy jobs, restore common‚Äìsense environmental safeguards &amp; protect America‚Äôs treasured wild places and wildlife. https://t.co/hH0imnbbhw",1.0,13.0,['https://www.nrdcactionfund.org/news/nrdc-action-fund-endorses-11-house-senate-candidates?utm_source=tw&utm_medium=tweet&utm_campaign=AFciven20'],[],[],,[],,,,,,04Oct20_144733,grateful endorsed nrdc_af organization dedicated justice ensure rights clean air clean water healthy communities thank climatejustice
1260251801472786432,2020-05-12 16:53:38,Retweet,"special election TODAY in #CA25. We've endorsed @ChristyforCA25 for her thoughtful approach to legislation, including a labor-friendly Green New Deal. Get your ballot postmarked today!",Christy Smith,ChristyforCA25,4699063596,149,281,[],['CA25'],"[{'screen_name': 'ChristyforCA25', 'name': 'Christy Smith', 'id': 4699063596, 'id_str': '4699063596', 'indices': [48, 63]}]",,[],1.2602459307516232e+18,Tue May 12 16:30:18 +0000 2020,Climate Hawks Vote,ClimateHawkVote,1517267136.0,,,,[],[],,,[],,,,,,04Oct20_144733,special election weve endorsed christyforca25 thoughtful approach legislation laborfriendly green new deal ballot postmarked
1256584842529042432,2020-05-02 14:02:27,Standard Tweet,"One year ago, the House passed HR9 the Climate Action Now Act. #CA25 has suffered devastating wildfires year after year. Where‚Äôs my opponent on climate action? With #MoscowMitch-it‚Äôs going nowhere. ü§¶‚Äç‚ôÄÔ∏è.   https://t.co/fvJ3hXgAVJ",Christy Smith,ChristyforCA25,4699063596,112,289,['https://www.vox.com/2019/3/27/18283831/pelosi-climate-change-green-new-deal'],"['CA25', 'MoscowMitch']",[],,[],,,,,,,,,[],[],,,[],,,,,,04Oct20_144734,house passed hr9 act suffered devastating wildfires wheres opponent moscowmitchits going nowhere
1255634553676259328,2020-04-29 23:06:20,Quote Tweet,I'm grateful for the support of @clcv and committed to fighting for #climateaction and #climatejustice for our current and future generations. #CA25 #VoteByMay12 https://t.co/cPlExDoQ1F,Christy Smith,ChristyforCA25,4699063596,46,105,['https://twitter.com/clcv/status/1255568793956429825'],"['climateaction', 'climatejustice', 'CA25', 'VoteByMay12']","[{'screen_name': 'clcv', 'name': 'CLCV üåé', 'id': 18795726, 'id_str': '18795726', 'indices': [32, 37]}]",,[],1.2555687939564298e+18,Wed Apr 29 18:45:02 +0000 2020,CLCV üåé,clcv,18795726.0,"We endorsed @ChristyforCA25 because she is a strong public servant &amp; an environmental champion! üåéüí™üèΩ #ElectionDay for #CA25 is Tuesday, May 12 &amp; guess what? Each registered voter was sent a ballot for this special election. From the safety of your home, you can vote today! https://t.co/RYrWjotq5N",11.0,23.0,[],"['ElectionDay', 'CA25']","[{'screen_name': 'ChristyforCA25', 'name': 'Christy Smith', 'id': 4699063596, 'id_str': '4699063596', 'indices': [12, 27]}]",photo,['http://pbs.twimg.com/media/EWytKfrWAAAsS_f.png'],,,,,,04Oct20_144734,grateful clcv committed climateaction climatejustice current future generations votebymay12
1252969746489839617,2020-04-22 14:37:21,Standard Tweet,"#EarthDay2020 reminds us we must elect leaders committed to building a renewable and clean energy infrastructure to combat the climate crisis so families, and communities, can thrive for generations to come. In Congress, I'll stand up to polluters and fight for #ClimateAction. https://t.co/WGFv5RvV0D",Christy Smith,ChristyforCA25,4699063596,72,155,[],"['EarthDay2020', 'ClimateAction']",[],photo,['http://pbs.twimg.com/media/EWNwd1SXgAEreKd.jpg'],,,,,,,,,[],[],,,[],,,,,,04Oct20_144734,earthday2020 reminds elect leaders committed building renewable clean energy infrastructure combat families communities thrive generations come congress stand polluters climateaction
1245000951544467459,2020-03-31 14:52:12,Standard Tweet,"Yes, because nothing says fight a disease that attacks the lungs like increasing pollution and spurring climate change. ü§¶‚Äç‚ôÄÔ∏è While we‚Äôre all busy with #COVID19... https://t.co/oBnqQYVOoH",Christy Smith,ChristyforCA25,4699063596,41,77,['https://www.latimes.com/politics/story/2020-03-31/trump-rolls-back-fuel-economy-standards'],['COVID19'],[],,[],,,,,,,,,[],[],,,[],,,,,,04Oct20_144734,yes nothing says disease attacks lungs increasing pollution spurring busy covid19
1227425103757004800,2020-02-12 02:52:03,Quote Tweet,Our climate crisis is real. No one knows that better than the men and women of California‚Äôs fire fighting services. I‚Äôm proud to continue to stand with them to ensure they have what they need to meet the challenges the crisis presents them through year round fire season in CA. https://t.co/GunEXNas20,Christy Smith,ChristyforCA25,4699063596,15,77,['https://twitter.com/AsmChristySmith/status/1227405492772724736'],[],[],,[],1.2274054927727247e+18,Wed Feb 12 01:34:08 +0000 2020,Assemblywoman Christy Smith,AsmChristySmith,1.065200617298133e+18,"CA wildfires have fundamentally changed &amp; overwhelmed the firefighting system we‚Äôve relied on for decades ‚Äî mutual aid. Today, the Joint Legislative Committee on Emergency Management convened a hearing examining the personnel &amp; equipment assistance needed to fortify mutual aid. https://t.co/XSeAC9zd5x",3.0,18.0,[],[],[],photo,['http://pbs.twimg.com/media/EQieybcVUAAfXmP.jpg'],,,,,,04Oct20_144734,real knows better men women californias fire services proud continue stand ensure meet challenges presents round fire season
1225531061150658560,2020-02-06 21:25:48,Standard Tweet,"As an Assemblymember, I take pride in my 100% environmental voting record and I look forward to fighting for our environment in Congress with @SierraClub‚Äôs endorsement. The time is now to fight climate change and create a sustainable, green economy that leaves no one behind #CA25 https://t.co/5Kw08feTv5",Christy Smith,ChristyforCA25,4699063596,37,112,[],['CA25'],"[{'screen_name': 'SierraClub', 'name': 'Sierra Club', 'id': 34113439, 'id_str': '34113439', 'indices': [142, 153]}]",animated_gif,['http://pbs.twimg.com/tweet_video_thumb/EQH1_uDUEAATA2X.jpg'],,,,,,,,,[],[],,,[],,,,,,04Oct20_144734,assemblymember pride 100 environmental voting record forward environment congress sierraclubs endorsement create sustainable green economy leaves behind
1217500095110795265,2020-01-15 17:33:37,Quote Tweet,"Our climate crisis is real. We can not afford inaction. From national security, to health, and economic loss the impacts reach every aspect of our lives. #ClimateAction https://t.co/UvxMqHp7qs",Christy Smith,ChristyforCA25,4699063596,25,96,['https://twitter.com/nationaljournal/status/1217482083544768512'],['ClimateAction'],[],,[],1.2174820835447685e+18,Wed Jan 15 16:22:03 +0000 2020,National Journal,nationaljournal,15210284.0,"New from House reporter @kirk_bado, who talked to candidates @ChristyforCA25
 and @DePasqualePA about the importance of climate change in their campaigns and how other Democrats are making proposals top priorities in 2020.
https://t.co/ikTGoO7Pkb https://t.co/I74CiWYqup",2.0,2.0,['https://buff.ly/36XApz9'],[],"[{'screen_name': 'kirk_bado', 'name': 'Kirk A. Bado', 'id': 791742307, 'id_str': '791742307', 'indices': [24, 34]}, {'screen_name': 'ChristyforCA25', 'name': 'Christy Smith', 'id': 4699063596, 'id_str': '4699063596', 'indices': [61, 76]}, {'screen_name': 'DePasqualePA', 'name': 'Eugene DePasquale', 'id': 37820650, 'id_str': '37820650', 'indices': [82, 95]}]",photo,['http://pbs.twimg.com/media/EOVdgKrW4AYBONa.jpg'],,,,,,04Oct20_144735,real afford inaction national security health economic loss impacts reach every aspect lives climateaction
1217292480594362368,2020-01-15 03:48:38,Standard Tweet,#DemDebate- only Steyer &amp; Biden tie jobs to our need to address the climate crisis. We can not leave energy sector workers behind. We must put them first as we build the infrastructure to make our transition to clean energy.,Christy Smith,ChristyforCA25,4699063596,32,205,[],['DemDebate'],[],,[],,,,,,,,,[],[],,,[],,,,,,04Oct20_144735,demdebate steyer biden tie jobs address leave energy sector workers behind put first build infrastructure transition clean energy
1199399761486286848,2019-11-26 18:49:21,RT of QT,"Thank you @ChristyforCA25 for bringing awareness to the impacts of the #ClimateCrisis happening right now in California. 

We need bold leaders willing to step up to meet the demand of this moment. That's why we're proud to endorse YOU for Congress! #CA25 https://t.co/hhUvRHtZr4",Christy Smith,ChristyforCA25,4699063596,18,31,['https://twitter.com/ChristyforCA25/status/1198991130320228352'],"['ClimateCrisis', 'CA25']","[{'screen_name': 'ChristyforCA25', 'name': 'Christy Smith', 'id': 4699063596, 'id_str': '4699063596', 'indices': [10, 25]}]",,[],1.1993995567161713e+18,Tue Nov 26 18:48:32 +0000 2019,CLCV üåé,clcv,18795726.0,"The people of #CA25 grappled with multiple wildfires just this year. We are on the frontlines of this climate crisis. 

Addressing climate change shouldn't be a partisan issue - because we're all in this together. Join us in this fight  https://t.co/UD0qgxChjE https://t.co/krsvdlNtKV",392.0,999.0,['https://secure.actblue.com/donate/christysmithforcongress-sm'],['CA25'],[],video,['http://pbs.twimg.com/ext_tw_video_thumb/1198990849842933760/pu/img/Vt2Ue7xZGdEAqA-w.jpg'],1.1989911303202284e+18,Mon Nov 25 15:45:36 +0000 2019,Christy Smith,ChristyforCA25,4699063596.0,04Oct20_144735,thank christyforca25 bringing awareness impacts climatecrisis happening right bold leaders willing step meet demand moment thats proud endorse congress
1199399239995940864,2019-11-26 18:47:17,RT of QT,We are glad to see @clcv endorsee Christy Smith speak out on the urgent need to #ActOnClimate after dangerous wildfires devastated communities across #CA25 this year. https://t.co/WnQ891uBrB,Christy Smith,ChristyforCA25,4699063596,18,38,['https://twitter.com/ChristyforCA25/status/1198991130320228352'],"['ActOnClimate', 'CA25']","[{'screen_name': 'clcv', 'name': 'CLCV üåé', 'id': 18795726, 'id_str': '18795726', 'indices': [19, 24]}]",,[],1.1993988229185536e+18,Tue Nov 26 18:45:37 +0000 2019,LCV ‚Äì League of Conservation Voters,LCVoters,20517132.0,"The people of #CA25 grappled with multiple wildfires just this year. We are on the frontlines of this climate crisis. 

Addressing climate change shouldn't be a partisan issue - because we're all in this together. Join us in this fight  https://t.co/UD0qgxChjE https://t.co/krsvdlNtKV",392.0,999.0,['https://secure.actblue.com/donate/christysmithforcongress-sm'],['CA25'],[],video,['http://pbs.twimg.com/ext_tw_video_thumb/1198990849842933760/pu/img/Vt2Ue7xZGdEAqA-w.jpg'],1.1989911303202284e+18,Mon Nov 25 15:45:36 +0000 2019,Christy Smith,ChristyforCA25,4699063596.0,04Oct20_144735,glad clcv endorsee christy smith speak urgent actonclimate dangerous wildfires devastated communities across
1199058603597938689,2019-11-25 20:13:43,RT of QT,Our next leaders in Congress must take Climate Change seriously...the @LADemocrats supports candidates that stand behind the dire emergency that is this looming problem. https://t.co/eCdT4QLgMK,Christy Smith,ChristyforCA25,4699063596,14,39,['https://twitter.com/ChristyforCA25/status/1198991130320228352'],[],"[{'screen_name': 'LAdemocrats', 'name': 'LA County Democratic Party', 'id': 50371921, 'id_str': '50371921', 'indices': [70, 82]}]",,[],1.199047496976044e+18,Mon Nov 25 19:29:35 +0000 2019,LA County Democratic Party,LAdemocrats,50371921.0,"The people of #CA25 grappled with multiple wildfires just this year. We are on the frontlines of this climate crisis. 

Addressing climate change shouldn't be a partisan issue - because we're all in this together. Join us in this fight  https://t.co/UD0qgxChjE https://t.co/krsvdlNtKV",392.0,1000.0,['https://secure.actblue.com/donate/christysmithforcongress-sm'],['CA25'],[],video,['http://pbs.twimg.com/ext_tw_video_thumb/1198990849842933760/pu/img/Vt2Ue7xZGdEAqA-w.jpg'],1.1989911303202284e+18,Mon Nov 25 15:45:36 +0000 2019,Christy Smith,ChristyforCA25,4699063596.0,04Oct20_144735,next leaders congress seriouslythe lademocrats supports candidates stand behind dire emergency looming problem
1198991130320228352,2019-11-25 15:45:36,Standard Tweet,"The people of #CA25 grappled with multiple wildfires just this year. We are on the frontlines of this climate crisis. 

Addressing climate change shouldn't be a partisan issue - because we're all in this together. Join us in this fight  https://t.co/UD0qgxChjE https://t.co/krsvdlNtKV",Christy Smith,ChristyforCA25,4699063596,392,1000,['https://secure.actblue.com/donate/christysmithforcongress-sm'],['CA25'],[],video,['http://pbs.twimg.com/ext_tw_video_thumb/1198990849842933760/pu/img/Vt2Ue7xZGdEAqA-w.jpg'],,,,,,,,,[],[],,,[],,,,,,04Oct20_144735,grappled multiple wildfires frontlines addressing shouldnt partisan issue together
1197268654217318401,2019-11-20 21:41:05,Standard Tweet,"Thank you @clcv for your support! With back-to-back wildfires, our #CA25 district has been on the frontlines of the climate crisis. For us, it's become not just an environmental issue - but also a public safety issue. We can and we will combat this crisis, together. https://t.co/kHhJsTDu09",Christy Smith,ChristyforCA25,4699063596,24,108,[],['CA25'],"[{'screen_name': 'clcv', 'name': 'CLCV üåé', 'id': 18795726, 'id_str': '18795726', 'indices': [10, 15]}]",photo,['http://pbs.twimg.com/media/EJ2NfmnVUAAHZEX.jpg'],,,,,,,,,[],[],,,[],,,,,,04Oct20_144735,thank clcv backtoback wildfires frontlines become environmental issue public safety issue combat together
1191393449678798848,2019-11-04 16:35:08,Standard Tweet,"Thank you @GavinNewsom for reminding @realDonaldTrump that since he‚Äôs denied climate change, wiped out technical staff at  EPA, pushed for energy deregulation,  and failed to deliver on an infrastructure plan, he‚Äôs no longer part of this conversation. CA - moving forward! #CA25",Christy Smith,ChristyforCA25,4699063596,50,224,[],['CA25'],"[{'screen_name': 'GavinNewsom', 'name': 'Gavin Newsom', 'id': 11347122, 'id_str': '11347122', 'indices': [10, 22]}, {'screen_name': 'realDonaldTrump', 'name': 'Donald J. Trump', 'id': 25073877, 'id_str': '25073877', 'indices': [37, 53]}]",,[],,,,,,,,,[],[],,,[],,,,,,04Oct20_144736,thank gavinnewsom reminding realdonaldtrump since hes denied wiped technical staff epa pushed energy deregulation failed deliver infrastructure plan hes longer conversation moving forward
1191015345441558528,2019-11-03 15:32:41,Standard Tweet,People have lost their homes. They‚Äôve lost their livelihood. They‚Äôre grappling with power outages. This status quo is not sustainable. It‚Äôs not acceptable. #ClimateChange is here ‚Äî and must be addressed by the federal government. #CA25  https://t.co/3sRn2Hf2O6,Christy Smith,ChristyforCA25,4699063596,14,56,['https://www.nytimes.com/2019/11/02/us/climate-change-california-fires-trump.html?action=click&module=Top%20Stories&pgtype=Homepage'],"['ClimateChange', 'CA25']",[],,[],,,,,,,,,[],[],,,[],,,,,,04Oct20_144736,lost homes theyve lost livelihood theyre grappling power outages status quo sustainable acceptable addressed federal government
1317158095827554309,2020-10-16 17:38:56,Standard Tweet,"We‚Äôre experiencing the most destructive wildfire season in state history. Now, the President has denied CA aid.

We need a fighter in Congress to combat the climate crisis for the welfare of our communities and children‚Äôs future.

Read more: https://t.co/DYctgj96zr https://t.co/Udli9Ysa79",Christy Smith,ChristyforCA25,4699063596,63,200,['https://bit.ly/2H8Mdqm'],[],[],photo,['http://pbs.twimg.com/media/Ekd8TTaUYAEWDII.jpg'],,,,,,,,,[],[],,,[],,,,,,20Oct20_092911,experiencing destructive wildfire season history president denied aid fighter congress combat welfare communities childrens future read
1321258733041635328,2020-10-28 01:13:24,Standard Tweet,"The climate crisis is our most existential threat, &amp; it‚Äôs an issue that hits close to home. I‚Äôm running because I want to leave behind a healthier planet for my daughters &amp; future generations.

Grateful to work with environmental champions like SCV Sierra Club Group Chair Sandra! https://t.co/y7eHp2ch48",Christy Smith,ChristyforCA25,4699063596,81,406,[],[],[],video,['http://pbs.twimg.com/amplify_video_thumb/1321257727474028544/img/MfQ5yBeuBqW2LMbj.jpg'],,,,,,,,,[],[],,,[],,,,,,03Nov20_210831,existential threat issue hits close home running leave behind healthier planet daughters future generations grateful work environmental champions scv sierra club group chair sandra
1317620023146344450,2020-10-18 00:14:28,Retweet,"Let this summer of #cofire serve as a major wake up call that we are woefully underfunding wildfire prevention, mitigation, and response in Colorado. We absolutely must do more in 2021 to adapt to the new normal that climate change is bringing. #calwoodfire https://t.co/Z2CymmyCTl",Karl Hanlon,HanlonforCO,931931742134345728,136,596,[],"['cofire', 'calwoodfire']",[],video,['http://pbs.twimg.com/ext_tw_video_thumb/1317569743805505536/pu/img/TP_2k5MfW8jc3klx.jpg'],1.3175697686651822e+18,Sat Oct 17 20:54:46 +0000 2020,Steve Fenberg,SteveFenberg,821142.0,,,,[],[],,,[],,,,,,20Oct20_150541,summer cofire serve major wake call woefully underfunding wildfire prevention mitigation response absolutely 2021 adapt new normal bringing calwoodfire
1307371586513596416,2020-09-19 17:30:50,Reply Tweet,"Karl: [what are the 3 most imporant issues impacting #SD8] ""We need to stay focused on the health and economic recovery of SD8, but we can't take our eyes off of climate, public lands and education."" #Colorado #COpolitics #COSenate #WestSlope",Karl Hanlon,HanlonforCO,931931742134345728,0,0,[],"['SD8', 'Colorado', 'COpolitics', 'COSenate', 'WestSlope']",[],,[],1.307371067954983e+18,,,HanlonforCO,9.319317421343456e+17,,,,[],[],,,[],,,,,,20Oct20_150541,karl 3 imporant issues impacting sd8 stay focused health economic recovery sd8 eyes public lands education cosenate westslope
1290444490591928323,2020-08-04 00:28:36,Retweet,"Farmers throughout our district are utilizing incredibly innovative carbon sequestration methods to address climate change.

I was proud to highlight their approach &amp; our proposal to replicate it nationwide in our new report on #solvingtheclimatecrisis

https://t.co/8I2rS2jONH",Karl Hanlon,HanlonforCO,931931742134345728,11,23,['https://www.dailycamera.com/2020/08/02/boulder-area-farming-practices-cited-as-potential-tools-in-congressional-climate-report/'],['solvingtheclimatecrisis'],[],,[],1.2903083195890852e+18,Mon Aug 03 15:27:30 +0000 2020,Rep. Joe Neguse,RepJoeNeguse,1.07874980276514e+18,,,,[],[],,,[],,,,,,20Oct20_150541,farmers throughout utilizing incredibly innovative carbon sequestration methods address proud highlight approach proposal replicate nationwide new report solvingtheclimatecrisis
1242563401680740352,2020-03-24 21:26:15,Standard Tweet,"We need to need to make state government work for our mountain communities. Climate change, health care costs and attacks on public lands threaten our way of life. #copolitics https://t.co/7SUcSsPWCS",Karl Hanlon,HanlonforCO,931931742134345728,1,5,['https://www.coloradopols.com/diary/136356/democrats-land-strong-candidate-in-top-state-senate-race'],['copolitics'],[],,[],,,,,,,,,[],[],,,[],,,,,,20Oct20_150541,government work mountain communities health care costs attacks public lands threaten way life
1284234287399735297,2020-07-17 21:11:28,Quote Tweet,"Climate change is not just an environmental issue - it affects our national security, our health, our economy, and disproportionately hurts communities of color. I look forward to working with LCVAF to combat climate change and create clean energy jobs right here in Indiana. https://t.co/VzCclkkH9y",Christina Hale,HaleIndy,483034344,20,87,['https://twitter.com/LCVoters/status/1284210770318888963'],[],[],,[],1.284210770318889e+18,Fri Jul 17 19:38:01 +0000 2020,LCV ‚Äì League of Conservation Voters,LCVoters,20517132.0,"LCVAF is thrilled to endorse @HaleIndy to represent #IN05! Hale has fought for the health and safety of all communities in Indiana in the state legislature and she will continue to prioritize clean air and water, climate action and growing Indiana‚Äôs clean energy economy. https://t.co/ihVDCKqloh",7.0,17.0,[],['IN05'],"[{'screen_name': 'HaleIndy', 'name': 'Christina Hale', 'id': 483034344, 'id_str': '483034344', 'indices': [29, 38]}]",photo,['http://pbs.twimg.com/media/EdJu44GWoAArIM7.jpg'],,,,,,04Oct20_145828,environmental issue affects national security health economy disproportionately hurts communities color forward working lcvaf combat create clean energy jobs right
1268240778121433095,2020-06-03 17:58:58,Quote Tweet,"Thank you @JenniferForIN5 bringing your voice to this race, and for being such a strong advocate on issues like climate change. Honored to have you on the team as we work to flip #IN05! https://t.co/rpl4pxJiS7",Christina Hale,HaleIndy,483034344,9,109,['https://twitter.com/JenniferForIN5/status/1268215390460612609'],['IN05'],"[{'screen_name': 'JenniferForIN5', 'name': 'JenniferChristie', 'id': 810018363153870848, 'id_str': '810018363153870848', 'indices': [10, 25]}]",,[],1.2682153904606126e+18,Wed Jun 03 16:18:06 +0000 2020,JenniferChristie,JenniferForIN5,8.100183631538708e+17,Congratulations to Christina Hale for securing the nomination for District 5!  You have my full support in the coming November election. @HaleIndy #IN05,5.0,82.0,[],['IN05'],"[{'screen_name': 'HaleIndy', 'name': 'Christina Hale', 'id': 483034344, 'id_str': '483034344', 'indices': [137, 146]}]",,[],,,,,,04Oct20_145828,thank jenniferforin5 bringing voice race strong advocate issues honored team work flip in05
1221090617415143424,2020-01-25 15:21:04,Retweet,Join State Rep. Carey Hamilton on January 28th at the Statehouse for Youth Climate Action Day! This is a FREE event for Hoosiers to come and hear from youth climate leaders and members of the state legislature on climate change issues. Learn more here: https://t.co/pXwK6AAwlM,Christina Hale,HaleIndy,483034344,6,11,['http://bit.ly/2R0eW1G'],[],[],,[],1.2167517604606523e+18,Mon Jan 13 16:00:00 +0000 2020,Indiana House Democrats,inhsedems,339800928.0,,,,[],[],,,[],,,,,,04Oct20_145828,carey hamilton january 28th statehouse youth free event hoosiers come hear youth leaders members legislature issues learn
1317207715916075008,2020-10-16 20:56:06,Standard Tweet,"So proud to have the endorsement of the @SierraClub! Indiana can and should be a leader in the production of clean, renewable energy that will reduce carbon emissions, create good jobs, and protect the air &amp; water in our communities. That's what I'll fight for in Congress. #IN05 https://t.co/ZeoxDXp9kt",Christina Hale,HaleIndy,483034344,41,131,[],['IN05'],"[{'screen_name': 'SierraClub', 'name': 'Sierra Club', 'id': 34113439, 'id_str': '34113439', 'indices': [40, 51]}]",photo,['http://pbs.twimg.com/media/EkeobHuUcAAetSP.png'],,,,,,,,,[],[],,,[],,,,,,20Oct20_093155,proud endorsement sierraclub leader production clean renewable energy reduce carbon emissions create good jobs protect air water communities thats congress in05
1314993514774577152,2020-10-10 18:17:39,Standard Tweet,"I'm proud to have the endorsement¬†of Voters for a Green Indiana. In Congress, I'll fight to protect our air and water quality and I'll work hard to help Indiana transition to clean, renewable energy sources that reduce carbon emissions and bring good jobs to our community. #IN05 https://t.co/GiIAr1p8Oh",Christina Hale,HaleIndy,483034344,34,158,[],['IN05'],[],photo,['http://pbs.twimg.com/media/Ej_LPNLUYAI0QeF.jpg'],,,,,,,,,[],[],,,[],,,,,,20Oct20_093155,proud endorsement voters green congress protect air water quality work hard transition clean renewable energy sources reduce carbon emissions good jobs community in05
1316477794206056452,2020-10-14 20:35:39,Quote Tweet,"NC AG @JoshStein_  has to step into the void to protect NC water due to the failure of the @EPA &amp; @EPAAWheeler to hold polluters accountable. A Biden/Harris administration would work to protect our water. North Carolinians deserve clean water.
#NCBidenClimateVoter https://t.co/v2MR3yecwA",John Autry,AutryJohn,935771143,1,2,['https://twitter.com/will_doran/status/1316448034922868736'],['NCBidenClimateVoter'],"[{'screen_name': 'JoshStein_', 'name': 'Josh Stein', 'id': 426353995, 'id_str': '426353995', 'indices': [6, 17]}, {'screen_name': 'EPA', 'name': 'U.S. EPA', 'id': 14615871, 'id_str': '14615871', 'indices': [91, 95]}, {'screen_name': 'EPAAWheeler', 'name': 'EPA Administrator Andrew Wheeler', 'id': 832672006113931269, 'id_str': '832672006113931269', 'indices': [102, 114]}]",,[],1.3164480349228687e+18,Wed Oct 14 18:37:24 +0000 2020,Will Doran,will_doran,130620533.0,"It would be big news if this works. DuPont created Chemours to try to shed legal liability for chemicals like GenX that have been found polluting NC and elsewhere #ncpol

But if a judge lets DuPont be sued anyway, that opens up a lot more money that NC and others could come after https://t.co/menYL0c5F1",24.0,51.0,['https://twitter.com/zeanes/status/1316103676935786501'],['ncpol'],[],,[],,,,,,20Oct20_142817,ag joshstein_ step void protect water due failure epa epaawheeler hold polluters accountable bidenharris administration would work protect water north carolinians deserve clean water ncbidenclimatevoter
1314005390758211589,2020-10-08 00:51:12,Standard Tweet,"Jasmine Gregory, the Alliance for Climate Education, with an encouraging message about our grandchildren's future.
@nclcv #greentie #ncpol #ncga https://t.co/GOYNTwdiqn",John Autry,AutryJohn,935771143,1,2,[],"['greentie', 'ncpol', 'ncga']","[{'screen_name': 'nclcv', 'name': 'NC League of Conservation Voters', 'id': 253593444, 'id_str': '253593444', 'indices': [115, 121]}]",photo,['http://pbs.twimg.com/media/EjxIZyXX0AARSIR.jpg'],,,,,,,,,[],[],,,[],,,,,,20Oct20_142817,jasmine gregory alliance education encouraging message grandchildrens future nclcv greentie ncga
1303495882986397697,2020-09-09 00:50:10,Retweet,"Three big, detailed newspaper articles about record-breaking extreme weather in the American West over the weekend don't include any mention of climate change, leaving millions of readers uninformed about why these events are getting so bad https://t.co/LGH8eN0FTh",John Autry,AutryJohn,935771143,1556,3216,['https://heated.world/p/nothing-to-see-here-folks'],[],[],,[],1.3033447737602007e+18,Tue Sep 08 14:49:43 +0000 2020,Emily Atkin,emorwee,19055698.0,,,,[],[],,,[],,,,,,20Oct20_142818,three detailed newspaper articles recordbreaking extreme weather american west weekend mention leaving millions readers uninformed events getting bad
1302318088319369216,2020-09-05 18:50:02,Retweet,"Floods wash away 25% of Nigeria's rice crop.
The climate crisis hits hardest those who have done the least to cause it
https://t.co/QWz19BUWPa",John Autry,AutryJohn,935771143,2237,4421,['https://www.bloomberg.com/news/articles/2020-09-05/floods-washed-away-more-that-25-of-nigeria-s-rice-harvest'],[],[],,[],1.3022391442032271e+18,Sat Sep 05 13:36:21 +0000 2020,Bill McKibben,billmckibben,21786618.0,,,,[],[],,,[],,,,,,20Oct20_142818,floods wash away 25 nigerias rice crop hits hardest done least cause
1298248500006850562,2020-08-25 13:18:57,Retweet,Climate cartoon of the day - more than a decade old https://t.co/3EH7giHhap,John Autry,AutryJohn,935771143,400,733,[],[],[],photo,['http://pbs.twimg.com/media/EgPsSRfX0AE5036.jpg'],1.2981409357427835e+18,Tue Aug 25 06:11:32 +0000 2020,Svein T veitdal,tveitdal,75742264.0,,,,[],[],,,[],,,,,,20Oct20_142819,cartoon decade old
1285747724487479296,2020-07-22 01:25:20,Retweet,"Trump Said Biden's Climate Plan Will Cost Jobs, but Data Says Not So Much https://t.co/LAkK4mWtjM",John Autry,AutryJohn,935771143,9,13,['https://www.newsweek.com/trump-said-bidens-climate-plan-will-cost-jobs-data-says-not-so-much-1518424'],[],[],,[],1.2857315417049907e+18,Wed Jul 22 00:21:01 +0000 2020,Michael Regan,Michael_S_Regan,2292932900.0,,,,[],[],,,[],,,,,,20Oct20_142821,trump said bidens plan cost jobs data says
1279026819564539904,2020-07-03 12:18:51,Retweet,"This is the blueprint for solving the climate crisis, but we need support in the Senate. Will @SenThomTillis sign on to this plan to protect our people? #ClimateAction #ActOnClimate https://t.co/3Sro8asn2g",John Autry,AutryJohn,935771143,4,6,['https://www.vox.com/energy-and-environment/2020/6/30/21305891/aoc-climate-change-house-democrats-select-committee-report'],"['ClimateAction', 'ActOnClimate']","[{'screen_name': 'SenThomTillis', 'name': 'Senator Thom Tillis', 'id': 2964174789, 'id_str': '2964174789', 'indices': [94, 108]}]",,[],1.2787774625880924e+18,Thu Jul 02 19:48:00 +0000 2020,NC League of Conservation Voters,nclcv,253593444.0,,,,[],[],,,[],,,,,,20Oct20_142822,blueprint solving senate senthomtillis sign plan protect climateaction actonclimate
1275390583830384641,2020-06-23 11:29:45,Retweet,"Read our summary of @NC_Governor's report on climate's disproportionate impact on communities of color and low income, and how his administration will prepare us to prevent and bounce back from climate threats. #ActOnClimate https://t.co/Y7ba2vSxMM",John Autry,AutryJohn,935771143,4,3,['https://nclcv.org/hotlist061720-climate'],['ActOnClimate'],"[{'screen_name': 'NC_Governor', 'name': 'Governor Roy Cooper', 'id': 813792250497028102, 'id_str': '813792250497028102', 'indices': [20, 32]}]",,[],1.2751586168996127e+18,Mon Jun 22 20:08:00 +0000 2020,NC League of Conservation Voters,nclcv,253593444.0,,,,[],[],,,[],,,,,,20Oct20_142823,read summary nc_governors report climates disproportionate impact communities color low income administration prepare prevent bounce back threats actonclimate
1270370609487392768,2020-06-09 15:02:10,Retweet,"Communities of color are already the target of police violence and disproportionately the victims of pollution, climate change, and #COVID19. Now @realDonaldTrump is making things worse by letting polluters fast-track projects without review. https://t.co/Mf3fx0eutC",John Autry,AutryJohn,935771143,3,3,['https://thehill.com/policy/energy-environment/501444-trumps-latest-environmental-rollback-threatens-minority-communities'],['COVID19'],"[{'screen_name': 'realDonaldTrump', 'name': 'Donald J. Trump', 'id': 25073877, 'id_str': '25073877', 'indices': [146, 162]}]",,[],1.2703703350288056e+18,Tue Jun 09 15:01:04 +0000 2020,NC League of Conservation Voters,nclcv,253593444.0,,,,[],[],,,[],,,,,,20Oct20_142823,communities color already target police violence disproportionately victims pollution covid19 realdonaldtrump making things worse letting polluters fasttrack projects without review
1261739805211332613,2020-05-16 19:26:26,Retweet,"You wanna know the level of deranged we're dealing with? 

Posted by one of my last few right-wing FB friends: 
""Irony: FEAR makes person use mask to avoid Covid. Increases CO2 in blood, passes out and dies. Death counted as Covid19.""",John Autry,AutryJohn,935771143,149,1054,[],[],[],,[],1.261728057087406e+18,Sat May 16 18:39:45 +0000 2020,The Rude Pundit,rudepundit,23954775.0,,,,[],[],,,[],,,,,,20Oct20_142825,wanna know level deranged dealing posted last rightwing fb friends irony fear makes person mask avoid covid increases co2 blood passes dies death counted covid19
1254132535644356613,2020-04-25 19:37:51,Retweet,Kal's climate cartoon in the Economist this week. Preparations for the big fight https://t.co/iTAWOovF2t,John Autry,AutryJohn,935771143,549,947,[],[],[],photo,['http://pbs.twimg.com/media/EWbyKZOXgAAMMKM.jpg'],1.2539558549377884e+18,Sat Apr 25 07:55:47 +0000 2020,Svein T veitdal,tveitdal,75742264.0,,,,[],[],,,[],,,,,,20Oct20_142825,kals cartoon economist week preparations
1247233553491988481,2020-04-06 18:43:46,Standard Tweet,"""But it is precisely Fauci‚Äôs expertise that makes his position so insecure. Trump is one of the most anti-intellectual presidents in American history, famous for scorning expert consensus on matters like climate change or the efficacy of vaccination."" https://t.co/YEal1CspW8",John Autry,AutryJohn,935771143,0,1,['https://www.thenation.com/article/politics/fauci-target-coronavirus-trump/'],[],[],,[],,,,,,,,,[],[],,,[],,,,,,20Oct20_142826,precisely faucis expertise makes position insecure trump antiintellectual presidents american history famous scorning expert consensus matters efficacy vaccination
1238516482310619136,2020-03-13 17:25:14,Standard Tweet,"‚ÄúEven under a scenario where greenhouse gas emissions peak around 2050 and decline thereafter, North Carolina will experience substantial changes in climate,‚Äù https://t.co/zKN8Fxp2Nd #ncpol via @ncpolicywatch",John Autry,AutryJohn,935771143,2,1,['http://bit.ly/38FsvdK'],['ncpol'],"[{'screen_name': 'NCPolicyWatch', 'name': 'NC Policy Watch', 'id': 15999388, 'id_str': '15999388', 'indices': [194, 208]}]",,[],,,,,,,,,[],[],,,[],,,,,,20Oct20_142829,even scenario greenhouse gas emissions peak around 2050 decline thereafter north carolina experience substantial changes ncpolicywatch
1237121505139609600,2020-03-09 21:02:06,Retweet,"Fossil fuels cost our kids lives! Medical professionals declare #ClimateChange is a Health Emergency #CalGEM workshop in Oakland calling for #publichealth rules to protect people from oil pollution 

Photo from @cejapower https://t.co/CW8qiD0WlO",John Autry,AutryJohn,935771143,3,7,[],"['ClimateChange', 'CalGEM', 'publichealth']","[{'screen_name': 'cejapower', 'name': 'CA Environmental Justice Alliance', 'id': 197189131, 'id_str': '197189131', 'indices': [211, 221]}]",photo,['http://pbs.twimg.com/media/ESsbdhiXQAA_Dvr.jpg'],1.2371137713547223e+18,Mon Mar 09 20:31:22 +0000 2020,Monica Mariko Embrey,monicaembrey,295794320.0,,,,[],[],,,[],,,,,,20Oct20_142829,fossil fuels cost kids lives medical professionals declare health emergency calgem workshop oakland calling publichealth rules protect oil pollution photo cejapower
1233195829407686656,2020-02-28 01:02:52,Retweet,Burning dirty fossil fuels creates the #ClimateCrisis costing us our lives. Click below to ask @SenThomTillis and @SenatorBurr to #ActOnClimate by co-sponsoring the #CleanEconomy Act establishing #100by50 #CleanEnergyForAll. https://t.co/F50C4QdO1B,John Autry,AutryJohn,935771143,4,4,['https://nclcv.org/clean-economy-senate'],"['ClimateCrisis', 'ActOnClimate', 'CleanEconomy', '100by50', 'CleanEnergyForAll']","[{'screen_name': 'SenThomTillis', 'name': 'Senator Thom Tillis', 'id': 2964174789, 'id_str': '2964174789', 'indices': [95, 109]}, {'screen_name': 'SenatorBurr', 'name': 'Richard Burr', 'id': 21157904, 'id_str': '21157904', 'indices': [114, 126]}]",,[],1.2330987062846177e+18,Thu Feb 27 18:36:56 +0000 2020,NC League of Conservation Voters,nclcv,253593444.0,,,,[],[],,,[],,,,,,20Oct20_142829,burning dirty fossil fuels creates climatecrisis costing lives click ask senthomtillis senatorburr actonclimate cosponsoring cleaneconomy act establishing 100by50 cleanenergyforall
1322947214780616705,2020-11-01 17:02:49,Standard Tweet,"Just really appreciate this cup Tina gave me a couple years ago. Hot liquid changes the map to display the sea level rise model across the globe. Imagine most of the US population retreating from the coast as the ocean advances.
#ClimateActionNow #BidenClimateVoters https://t.co/qXDL06fKSN",John Autry,AutryJohn,935771143,0,4,[],"['ClimateActionNow', 'BidenClimateVoters']",[],photo,"['http://pbs.twimg.com/media/ElwNYhpW0Asv8c8.jpg', 'http://pbs.twimg.com/media/ElwNZVyXUAEVzym.jpg']",,,,,,,,,[],[],,,[],,,,,,03Nov20_130400,really appreciate cup tina gave couple years hot liquid changes map display sea level rise model across globe imagine population retreating coast ocean advances climateactionnow bidenclimatevoters
1321838368309809153,2020-10-29 15:36:40,Standard Tweet,"""The combined impacts of climate change, environmental pollution poverty, and low health conditions threaten the economic and social stability of the entire state of North Carolina.""
#NCBidenClimateVoters
https://t.co/sGIwnupapD via @fayobserver",John Autry,AutryJohn,935771143,0,1,['https://www.fayobserver.com/story/opinion/columns/guest/2020/10/28/climate-change-environmental-justice-nc-ballot/6053007002/'],['NCBidenClimateVoters'],"[{'screen_name': 'fayobserver', 'name': 'FayettevilleObserver', 'id': 13210422, 'id_str': '13210422', 'indices': [233, 245]}]",,[],,,,,,,,,[],[],,,[],,,,,,03Nov20_130400,combined impacts environmental pollution poverty low health conditions threaten economic social stability entire north carolina ncbidenclimatevoters fayobserver
1321594857408770048,2020-10-28 23:29:02,Standard Tweet,"""We are out of space in the atmosphere, and we are out of time on the clock. The U.S. government, and the world, have done far too little on climate change, and so now we must move far faster than is comfortable or convenient.""
https://t.co/2HfmOZYNSQ",John Autry,AutryJohn,935771143,2,2,['https://link.newyorker.com/view/5caf1f5cb90c2f2e2e5dac37d1wtt.icz/d796abc7'],[],[],,[],,,,,,,,,[],[],,,[],,,,,,03Nov20_130400,space atmosphere clock government world done far little move far faster comfortable convenient
1311131448389390336,2020-09-30 02:31:11,Standard Tweet,"Environmental interests ARE economic interests. Do you know what costs gov‚Äôt and families big money? Floods, hurricanes, fires, asthma, cancer, algae blooms, crop losses, drought. We literally cannot afford to ignore the #ClimateCrisis one day longer.",Rep. Allison Russo,Russo4Ohio,953694043896197121,11,44,[],['ClimateCrisis'],[],,[],,,,,,,,,[],[],,,[],,,,,,20Oct20_150259,environmental interests economic interests know costs govt families money floods hurricanes fires asthma cancer algae blooms crop losses drought literally cannot afford ignore climatecrisis longer
1313655769632514048,2020-10-07 01:41:56,Standard Tweet,"Fair districts, equitable school funding, affordable healthcare, climate change, and so many other issues are all on the ballot and at stake in this election. 

Make a plan to vote. Then bring 3 friends to the polls with you! #Vote https://t.co/ia6nNTFvBv",Zach Stepp,ZachSteppOH,273610751,3,11,[],['Vote'],[],animated_gif,['http://pbs.twimg.com/tweet_video_thumb/EjsK875XgAURl7N.jpg'],,,,,,,,,[],[],,,[],,,,,,20Oct20_150437,fair districts equitable school funding affordable healthcare many issues ballot stake election plan vote 3 friends polls vote
1303778573136867332,2020-09-09 19:33:29,Quote Tweet,"The threat of climate change is here. Years from now, when the effects are even more severe, our kids are going to ask us what we did to curb the impacts. 

We must have an answer. #DontLookAway #CaliforniaFires https://t.co/KHF1OX4NG9",Zach Stepp,ZachSteppOH,273610751,2,13,['https://twitter.com/mithrilmaker/status/1303715600963792896'],"['DontLookAway', 'CaliforniaFires']",[],,[],1.303715600963793e+18,Wed Sep 09 15:23:15 +0000 2020,Sneha,mithrilmaker,174200541.0,San Francisco 09.09.20 https://t.co/QdqUtKiqOT,89817.0,368068.0,[],[],[],photo,"['http://pbs.twimg.com/media/Ehe6aC9VgAA8Cmp.jpg', 'http://pbs.twimg.com/media/Ehe6akyUMAA9ApK.jpg', 'http://pbs.twimg.com/media/Ehe6bH7VkAA2SZa.jpg', 'http://pbs.twimg.com/media/Ehe6bgkU0AAbPbM.jpg']",,,,,,20Oct20_150437,threat years effects even severe kids going ask curb impacts answer dontlookaway californiafires
1291110176507023360,2020-08-05 20:33:48,Retweet,"""FirstEnergy is also the ninth-largest greenhouse gas polluter in America‚Äîwhich means it contributes more to the ongoing climate crisis than ExxonMobil."" https://t.co/7sqxieZPe7",Zach Stepp,ZachSteppOH,273610751,6,12,['https://heated.world/p/the-politicians-in-firstenergys-pocket'],[],[],,[],1.291034391536427e+18,Wed Aug 05 15:32:39 +0000 2020,NEO Sierra Club,NEOSierraClub,2305420813.0,,,,[],[],,,[],,,,,,20Oct20_150437,firstenergy ninthlargest greenhouse gas polluter americawhich means contributes ongoing exxonmobil
1284236559508819972,2020-07-17 21:20:30,Retweet,"We're facing an economic crisis and a climate crisis.  As president, Joe will create millions of jobs building resilient roads and bridges, manufacturing electric vehicles, and weatherizing homes and buildings. Learn more: https://t.co/jUrgYCIEtr",Zach Stepp,ZachSteppOH,273610751,27,37,['https://joebiden.com/Clean-Energy/'],[],[],,[],1.2842082758824755e+18,Fri Jul 17 19:28:07 +0000 2020,Rep. Tavia Galonski,RepGalonski,8.757227482067517e+17,,,,[],[],,,[],,,,,,20Oct20_150438,facing economic president joe create millions jobs building resilient roads bridges manufacturing electric vehicles weatherizing homes buildings learn
1280565410073661440,2020-07-07 18:12:40,Standard Tweet,"We‚Äôre seeing in real time happen with COVID what‚Äôs been happening with the science of climate change for years.

But now we‚Äôre clearly seeing what happens when we ignore science. Very short sighted and a consequence of poor leadership. https://t.co/0Obq84kLtN",Zach Stepp,ZachSteppOH,273610751,2,5,['https://www.google.com/amp/s/www.washingtonpost.com/national/rushed-reopening-led-to-case-spikes-that-threaten-to-overwhelm-hospitals-in-some-states/2020/07/05/c936bd16-beea-11ea-9fdd-b7ac6b051dc8_story.html%3FoutputType%3Damp'],[],[],,[],,,,,,,,,[],[],,,[],,,,,,20Oct20_150438,seeing real happen covid whats happening science years clearly seeing happens ignore science short sighted consequence poor leadership
1252986843106287619,2020-04-22 15:45:17,Retweet,"We've all had to adapt to cope with a pandemic. Climate change will force far harsher changes on our kids. All of us should follow the young people who've led the efforts to protect our planet for generations, and demand more of our leaders at every level. https://t.co/uNueQl5bNX",Zach Stepp,ZachSteppOH,273610751,17521,92906,['https://www.wbez.org/stories/50-years-after-the-first-earth-day-young-activists-are-not-slowed-by-a-pandemic/f0af0efd-4033-4efa-9c1e-9601f90c82d7'],[],[],,[],1.252983624850342e+18,Wed Apr 22 15:32:30 +0000 2020,Barack Obama,BarackObama,813286.0,,,,[],[],,,[],,,,,,20Oct20_150438,weve adapt cope pandemic force far harsher changes kids follow young whove led efforts protect planet generations demand leaders every level
1206707865500737537,2019-12-16 22:49:09,RT of QT,"Kasich only paused OH's clean energy standards. DeWine and the OH Leg killed it outright this year ... which is fun cuz 70% of Ohioans support investing in renewable energy.

Give us #FairMaps for a cleaner earth and real action on the climate crisis ‚úåÔ∏èüåé https://t.co/8IXcCzWrPD",Zach Stepp,ZachSteppOH,273610751,7,15,['https://twitter.com/SunriseMvmtCLE/status/1206613108522917890'],['FairMaps'],[],,[],1.2066873598211236e+18,Mon Dec 16 21:27:40 +0000 2019,Katy Shanahan,KatyAShanahan,1.157017626972971e+18,John Kasich is the only governor who overturned their state‚Äôs clean energy law. https://t.co/xUmwZZfNQc,63.0,302.0,['https://twitter.com/JohnKasich/status/1204968817333620741'],[],[],,[],1.206613108522918e+18,Mon Dec 16 16:32:37 +0000 2019,Sunrise Movement Cleveland üåÖ,SunriseMvmtCLE,1.1472414417956864e+18,20Oct20_150440,kasich paused ohs clean energy standards dewine leg killed outright fun cuz 70 ohioans investing renewable energy give fairmaps cleaner earth real
1301333447269548032,2020-09-03 01:37:26,Standard Tweet,"Being a real progressive means supporting things like Medicare for All, gun safety legislation, Green New Deal, police reform, LGBT rights, canceling student loans, and overturning Citizens United. 

LIKE and SHARE if you're with me!",Ryan Ottney for OH14 üá∫üá∏,ryanottney,362262881,0,3,[],[],[],,[],,,,,,,,,[],[],,,[],,,,,,20Oct20_152008,real progressive means supporting things medicare gun safety legislation green new deal police reform lgbt rights canceling student loans overturning citizens united share youre
1270476468448002049,2020-06-09 22:02:49,Standard Tweet,"What‚Äôs on the menu today?

‚úÖ Affordable Health Care
‚úÖ Better Jobs
‚úÖ Community Reinvestment
‚úÖ Black Lives Matter
‚úÖ LGBT+
‚úÖ Green New Deal
‚úÖ Pro-Choice
‚úÖ Gun Safety
‚úÖ Voter Protection

Looking for politicians who put corporate profits over people?

Sorry, all sold out!",Ryan Ottney for OH14 üá∫üá∏,ryanottney,362262881,1,2,[],[],[],,[],,,,,,,,,[],[],,,[],,,,,,20Oct20_152008,whats menu affordable health care better jobs community reinvestment black lives matter lgbt green new deal prochoice gun safety voter protection looking politicians put corporate profits sorry sold
1217093505455153153,2020-01-14 14:37:58,Quote Tweet,"Things are not fine! In just over 100 years we have scorched the planet. We have to invest in clean, renewable energies NOW to reverse climate change before it‚Äôs too late! https://t.co/fJ1mLAvcCM https://t.co/USG5MERiPH",Ryan Ottney for OH14 üá∫üá∏,ryanottney,362262881,0,1,['https://twitter.com/CNN/status/1217006766279593984'],[],[],photo,['http://pbs.twimg.com/media/EOP8FtCW4AAm2AF.jpg'],1.217006766279594e+18,Tue Jan 14 08:53:18 +0000 2020,CNN,CNN,759251.0,"The world's oceans are now heating at the same rate as if five Hiroshima atomic bombs were dropped into the water every second, scientists have said https://t.co/Dt3252Qo2X",1008.0,1508.0,['https://cnn.it/36RyLPf'],[],[],,[],,,,,,20Oct20_152008,things fine 100 years scorched planet invest clean renewable energies reverse
1303865971850047488,2020-09-10 01:20:47,Retweet,The fires across the West Coast are just the latest examples of the very real ways our changing climate is changing our communities. Protecting our planet is on the ballot. Vote like your life depends on it‚Äîbecause it does. https://t.co/gKGegXWxQu,Manuel Guzman Jr.,Manny_Guzman610,283240155,121362,567012,[],[],[],photo,"['http://pbs.twimg.com/media/Ehg9bo4WkAARaRL.jpg', 'http://pbs.twimg.com/media/Ehg9bo3X0AAaFOi.jpg', 'http://pbs.twimg.com/media/Ehg9bo3WkAEqQ6z.jpg', 'http://pbs.twimg.com/media/Ehg9btzX0AAzA1I.jpg']",1.3038596409801728e+18,Thu Sep 10 00:55:37 +0000 2020,Barack Obama,BarackObama,813286.0,,,,[],[],,,[],,,,,,20Oct20_143334,fires across west coast latest examples real ways changing changing communities protecting planet ballot vote life depends itbecause
1270405353184911364,2020-06-09 17:20:13,Retweet,Joe Kennedy is a progressive in name only. Join the grassroots movement for Medicare for All and the Green New Deal at https://t.co/qoQeZe2aqv. https://t.co/pDw08oKx1g,Manuel Guzman Jr.,Manny_Guzman610,283240155,3272,15975,['http://edmarkey.com'],[],[],video,['http://pbs.twimg.com/amplify_video_thumb/1270188284367581186/img/BXbTcbNw0t37la-l.jpg'],1.2701893669970698e+18,Tue Jun 09 03:01:58 +0000 2020,Ed Markey,EdMarkey,1129029661.0,,,,[],[],,,[],,,,,,20Oct20_143335,joe kennedy progressive name grassroots movement medicare green new deal
1318076493004767232,2020-10-19 06:28:19,Retweet,"Cornyn ‚Äúprivately opposed‚Äù Trump on deficit üôÑ 

But SILENT on

children in cages
racism
gun violence
hate
LGBTQ discrimination
fueling the climate emergency
inviting Russian meddling

This election WE won‚Äôt be silent.

Save America, vote ‚Å¶@mjhegar‚Å©  https://t.co/4BFaqSR4mB",Julie Gobble,Julie4Texas,1183935768911368192,125,288,['https://www.star-telegram.com/news/politics-government/article246503045.html'],[],"[{'screen_name': 'mjhegar', 'name': 'MJ Hegar', 'id': 3021460584, 'id_str': '3021460584', 'indices': [239, 247]}]",,[],1.3179028302340751e+18,Sun Oct 18 18:58:14 +0000 2020,Veronica Escobar,vgescobar,38960144.0,,,,[],[],,,[],,,,,,20Oct20_141302,cornyn privately opposed trump deficit silent children cages racism gun violence hate lgbtq discrimination fueling emergency inviting russian meddling election wont silent save america vote mjhegar
1298843521554751488,2020-08-27 04:43:21,Retweet,"Hurricane Laura is heading directly for Lake Charles, Louisiana, a majority Black city with metro area population of 225,000.

The per capita income is $22,855.

This is the crossroads of the climate emergency and environmental racism of the oil industry. 
https://t.co/VaiFmwxkoy",Julie Gobble,Julie4Texas,1183935768911368192,4665,7561,['https://www.earthisland.org/journal/index.php/articles/entry/last-man-standing/'],[],[],,[],1.2986481444906598e+18,Wed Aug 26 15:47:00 +0000 2020,Eric Holthaus,EricHolthaus,290180065.0,,,,[],[],,,[],,,,,,20Oct20_141303,hurricane laura heading directly lake charles majority black city metro area population 225000 per capita income 22855 crossroads emergency environmental racism oil industry
1312177961819205632,2020-10-02 23:49:39,Retweet,"Join us to talk to @jasminefor100 ,@cristinafortx , and @Ramos4Texas , on the Climate Crisis, Environmental Justice, the 2020 Election, and Youth Engagement.

Link in bio. üîó https://t.co/anAW4k1lPb",Rep-Elect Jasmine Crockett,jasminefor100,918913624395079680,4,4,[],[],"[{'screen_name': 'jasminefor100', 'name': 'Rep-Elect Jasmine Crockett', 'id': 918913624395079680, 'id_str': '918913624395079680', 'indices': [19, 33]}, {'screen_name': 'cristinafortx', 'name': 'Cristina Tzintz√∫n Ramirez', 'id': 610183411, 'id_str': '610183411', 'indices': [35, 49]}, {'screen_name': 'Ramos4Texas', 'name': 'Representative Ana-Maria Ramos', 'id': 875922079685771266, 'id_str': '875922079685771266', 'indices': [56, 68]}]",photo,['http://pbs.twimg.com/media/EjWNcC4WkAAltut.jpg'],1.3121103870099948e+18,Fri Oct 02 19:21:08 +0000 2020,Sunrise Movement Dallas,dallas_sunrise,1.221571678217671e+18,,,,[],[],,,[],,,,,,20Oct20_141911,jasminefor100 cristinafortx ramos4texas environmental justice 2020 election youth engagement link bio
1311129307239116800,2020-09-30 02:22:41,Standard Tweet,Let‚Äôs be clear ‚Äî Trump has no plan AT ALL to address the climate crisis. Texas is a leader in many renewable energies and I plan to end our reliance on fossil fuels and expand our clean and sustainable energy production üåéüåïüå¨ #Debates2020,Rep-Elect Jasmine Crockett,jasminefor100,918913624395079680,2,6,[],['Debates2020'],[],,[],,,,,,,,,[],[],,,[],,,,,,20Oct20_141911,lets clear trump plan address leader many renewable energies plan end reliance fossil fuels expand clean sustainable energy production debates2020
1308513364927283200,2020-09-22 21:07:51,Quote Tweet,"Young voters can make all the difference this election! 

Young people will be able to decide if we elect leaders who will take action on the climate crisis, criminal justice reform, and the changes we want to see or if we let the status quo and establishment remain. https://t.co/0H5kU9t3RD",Rep-Elect Jasmine Crockett,jasminefor100,918913624395079680,2,2,['https://twitter.com/SelfeSTEAMgirl/status/1308512024343777286'],[],[],,[],1.3085120243437773e+18,Tue Sep 22 21:02:32 +0000 2020,Haley Taylor Schlitz,SelfeSTEAMgirl,2429472978.0,Our #NationalVoterRegistrationDay conversations continue with the amazing @jasminefor100. We talk about the importance of #GenZ having their voice heard in this and all elections. Gen Z #RegisterToVote &amp; be #VoteReady https://t.co/cfFxmpkKoj,0.0,0.0,['https://www.facebook.com/watch/?v=999213463860334&extid=iDHByvKHHjhmsWuk'],"['NationalVoterRegistrationDay', 'GenZ', 'RegisterToVote', 'VoteReady']","[{'screen_name': 'jasminefor100', 'name': 'Rep-Elect Jasmine Crockett', 'id': 918913624395079680, 'id_str': '918913624395079680', 'indices': [74, 88]}]",,[],,,,,,20Oct20_141911,young voters difference election young able decide elect leaders criminal justice reform changes status quo establishment remain
1314890424251809794,2020-10-10 11:28:01,Retweet,"Thank you Rep. @DonnaHowardTX for standing with Prop A and high-capacity transit! 

Modern transit infrastructure in Austin is long overdue: let's fight climate change, address traffic, and expand opportunity to our essential workers with this bold, necessary plan! https://t.co/Y0fL6ffwp3",Donna Howard,DonnaHowardTX,112899475,3,18,[],[],"[{'screen_name': 'DonnaHowardTX', 'name': 'Donna Howard', 'id': 112899475, 'id_str': '112899475', 'indices': [15, 29]}]",photo,['http://pbs.twimg.com/media/Ej6i-NuWoAIN4yZ.jpg'],1.3146673349137326e+18,Fri Oct 09 20:41:32 +0000 2020,Vote FOR Prop A - Transit Now!,TransitNowATX,1.2903515078676111e+18,,,,[],[],,,[],,,,,,20Oct20_141527,thank donnahowardtx standing prop highcapacity transit modern transit infrastructure long overdue lets address traffic expand opportunity essential workers bold necessary plan
1229213200052359170,2020-02-17 01:17:19,Retweet,"@MichaelEWebber @DonnaHowardTX I agree with @MichaelEWebber. In a future column I will compare energy policies, and anyone who bans fracking is a pandering fool who is not seeking serious solutions to climate change.",Donna Howard,DonnaHowardTX,112899475,2,4,[],[],"[{'screen_name': 'MichaelEWebber', 'name': 'Michael E. Webber', 'id': 2494473072, 'id_str': '2494473072', 'indices': [0, 15]}, {'screen_name': 'DonnaHowardTX', 'name': 'Donna Howard', 'id': 112899475, 'id_str': '112899475', 'indices': [16, 30]}, {'screen_name': 'MichaelEWebber', 'name': 'Michael E. Webber', 'id': 2494473072, 'id_str': '2494473072', 'indices': [44, 59]}]",,[],1.2291754292836884e+18,Sun Feb 16 22:47:13 +0000 2020,ChrisTomlinson,cltomlinson,24886178.0,,,,[],[],,,[],,,,,,20Oct20_141539,michaelewebber donnahowardtx agree michaelewebber future column compare energy policies anyone bans fracking pandering fool seeking serious solutions
1202335190129037315,2019-12-04 21:13:42,Standard Tweet,"Another example of implicit bias. ‚Äúshade is increasingly seen as a precious commodity, as the crises of climate change &amp; inequality converge; an index of inequality, a requirement for public health &amp; a mandate for urban planners &amp; designers.‚Äù https://t.co/n2pVRsLKQG #txlege",Donna Howard,DonnaHowardTX,112899475,4,2,['http://nyti.ms/35Vvzl0'],['txlege'],[],,[],,,,,,,,,[],[],,,[],,,,,,20Oct20_141542,another example implicit bias shade increasingly seen precious commodity inequality converge index inequality requirement public health mandate urban planners designers
1200451719697747974,2019-11-29 16:29:27,Standard Tweet,"‚ÄúImmigrants critical for tech, health care &amp; construction industries, sectors that drive wealth creation; climate change denial is a losing strategy; enormous problems in terms of access to healthcare. ID‚Äôing realistic solutions.‚Äù https://t.co/D8CKaZtqIy @cltomlinson #txlege",Donna Howard,DonnaHowardTX,112899475,5,6,['http://bit.ly/2OwRRDB'],['txlege'],"[{'screen_name': 'cltomlinson', 'name': 'ChrisTomlinson', 'id': 24886178, 'id_str': '24886178', 'indices': [259, 271]}]",,[],,,,,,,,,[],[],,,[],,,,,,20Oct20_141542,immigrants critical tech health care construction industries sectors drive wealth creation denial losing strategy enormous problems terms access healthcare iding realistic solutions cltomlinson
1197163224493363201,2019-11-20 14:42:09,Reply Tweet,@RepMattSchaefer ‚Äúdecline in # of insured children aligns w/pushback against CHIP &amp; Medicaid in states such as Tx. Lack of spike in children covered by their parents‚Äô employer-based or direct purchase insurance also signals political climate/policies are factors.‚Äù https://t.co/aOe0biR6ny #txlege,Donna Howard,DonnaHowardTX,112899475,0,2,['http://bit.ly/35iodHP'],['txlege'],"[{'screen_name': 'RepMattSchaefer', 'name': 'Matt Schaefer', 'id': 907182024, 'id_str': '907182024', 'indices': [0, 16]}]",,[],1.1971544912981893e+18,,,RepMattSchaefer,907182024.0,,,,[],[],,,[],,,,,,20Oct20_141542,repmattschaefer decline insured children aligns wpushback chip medicaid states lack spike children covered parents employerbased direct purchase insurance signals political climatepolicies factors
1321597855736496130,2020-10-28 23:40:57,RT of QT,"Proposition A is the most important thing we can do to help address climate change by providing more electric light rail, bus and active mobility choices. Vote for Prop A. https://t.co/VIOXuNl3dJ",Donna Howard,DonnaHowardTX,112899475,28,218,['https://twitter.com/transitnowatx/status/1321441515999236096'],[],[],,[],1.3215774364972687e+18,Wed Oct 28 22:19:49 +0000 2020,Mayor Adler | üò∑wear a mask.,MayorAdler,2300278368.0,"Climate change. Expensive personal transportation costs. An individual average of 104 hours a year spent in traffic. ü§¢

Austin gets nowhere on these pressing issues by doing nothing! Vote FOR Prop A and let‚Äôs built a mass transit system to tackle our problems head on. üí™ https://t.co/FIUgcz579t",8.0,27.0,[],[],[],video,['http://pbs.twimg.com/ext_tw_video_thumb/1321441467794104326/pu/img/5QdJyX7fxylItWqq.jpg'],1.321441515999236e+18,Wed Oct 28 13:19:43 +0000 2020,Vote FOR Prop A - Transit Now!,TransitNowATX,1.2903515078676111e+18,03Nov20_130200,proposition important address providing electric light rail bus active mobility choices vote prop
1321526997491896320,2020-10-28 18:59:23,Standard Tweet,"I was happy to join @TransitNowATX to encourage people to #VoteforPropA! For years we have been talking about making Austin more affordable, fixing traffic, and addressing climate change. Now is the time for us to take action by delivering on #ProjectConnect https://t.co/gIweF34rxa",Donna Howard,DonnaHowardTX,112899475,12,43,[],"['VoteforPropA', 'ProjectConnect']","[{'screen_name': 'TransitNowATX', 'name': 'Vote FOR Prop A - Transit Now!', 'id': 1290351507867611137, 'id_str': '1290351507867611137', 'indices': [20, 34]}]",photo,['http://pbs.twimg.com/media/Elb-HnFXUAEd3SF.jpg'],,,,,,,,,[],[],,,[],,,,,,03Nov20_130200,happy transitnowatx encourage voteforpropa years talking making affordable fixing traffic addressing delivering projectconnect
1321202540122415105,2020-10-27 21:30:06,Standard Tweet,Healthy families begin with a healthy environment. Rep. Howard knows how important protecting our natural resources is for families and agricultural workers. We can count on her to hold industries accountable and fight for a robust response to climate change. -TH #txlege https://t.co/DTOZ56oRER,Donna Howard,DonnaHowardTX,112899475,1,8,[],['txlege'],[],photo,['http://pbs.twimg.com/media/ElXatQ9XgAM1RtH.jpg'],,,,,,,,,[],[],,,[],,,,,,03Nov20_130200,healthy families begin healthy environment howard knows important protecting natural resources families agricultural workers count hold industries accountable robust response
1319639985344184322,2020-10-23 14:01:04,Retweet,"Republicans haven‚Äôt figured out America has and is fundamentally changing.  A majority of country: wants something done on fossil fuels and climate change, don‚Äôt believe tax cuts for wealthy is good idea, supports same sex marriage and Roe v. Wade, believes healthcare is a right.",Donna Howard,DonnaHowardTX,112899475,897,4470,[],[],[],,[],1.3196386339268444e+18,Fri Oct 23 13:55:42 +0000 2020,Matthew Dowd,matthewjdowd,288363743.0,,,,[],[],,,[],,,,,,03Nov20_130200,republicans havent figured america fundamentally changing majority country something done fossil fuels believe tax cuts wealthy good idea supports sex marriage roe v wade believes healthcare right
1287492932715651073,2020-07-26 21:00:10,Standard Tweet,"Reducing the amount of carbon dioxide in the atmosphere is a fundamental part of combating climate change. This article talks about one fascinating method of reducing carbon emissions: turning it into stone. -Elizabeth

https://t.co/T0n0ab9uIW",Tom Watson for Congress,TomWatsonTX19,1067492007558475776,1,8,['https://www.bbc.com/future/article/20200616-how-iceland-is-undoing-carbon-emissions-for-good'],[],[],,[],,,,,,,,,[],[],,,[],,,,,,04Oct20_160052,reducing amount carbon dioxide atmosphere fundamental combating article talks fascinating method reducing carbon emissions turning stone elizabeth
1285666147719958533,2020-07-21 20:01:10,Standard Tweet,"""Equality helps drive growth. Many things that improve Americans‚Äô lives, such as public investment to combat climate change and laws that rein in corporate power, will also be critical to growing our economy.""
https://t.co/cdhgqQL5sO",Tom Watson for Congress,TomWatsonTX19,1067492007558475776,6,10,['https://www.nytimes.com/2020/05/01/opinion/universal-basic-income-coronavirus.html'],[],[],,[],,,,,,,,,[],[],,,[],,,,,,04Oct20_160052,equality helps drive growth many things improve americans lives public investment combat laws rein corporate power critical growing economy
1283083950198591489,2020-07-14 17:00:26,Standard Tweet,"District 19 has the wind, sun, and space to utilize renewable energy to its fullest capacity. It is time to stop relying on fossil fuels and bolster our local economy. #TurnTexasBlue #RenewableEnergy #ClimateChange #21toWin https://t.co/7742awwDNN",Tom Watson for Congress,TomWatsonTX19,1067492007558475776,3,6,[],"['TurnTexasBlue', 'RenewableEnergy', 'ClimateChange', '21toWin']",[],photo,['http://pbs.twimg.com/media/Ec5uDX2WkAYNS-Y.png'],,,,,,,,,[],[],,,[],,,,,,04Oct20_160052,19 wind sun space utilize renewable energy fullest capacity stop relying fossil fuels bolster local economy turntexasblue renewableenergy 21towin
1278433880861806598,2020-07-01 21:02:44,Standard Tweet,"District 19 needs a leader who will advocate for constituents of all backgrounds, is outspoken about climate change, improving healthcare, and raising the minimum wage. An investment in Tom Watson is an investment in the future of District 19. 
https://t.co/urMiQ6Zyhl",Tom Watson for Congress,TomWatsonTX19,1067492007558475776,3,3,['https://secure.actblue.com/donate/tomwatson'],[],[],,[],,,,,,,,,[],[],,,[],,,,,,04Oct20_160052,19 needs leader advocate constituents backgrounds outspoken improving healthcare raising minimum wage investment tom watson investment future 19
1275881522248200192,2020-06-24 20:00:34,Standard Tweet,We can not speak about climate change without speaking about the impact it has on communities of color. We need leadership that understands the disproportionate impacts and their solutions. #climatechange #21toWin https://t.co/h8vKqOgyuw,Tom Watson for Congress,TomWatsonTX19,1067492007558475776,1,8,[],"['climatechange', '21toWin']",[],photo,"['http://pbs.twimg.com/media/EbTXet3XgAEPo4i.jpg', 'http://pbs.twimg.com/media/EbTXetiXQAIu8HG.jpg', 'http://pbs.twimg.com/media/EbTXeuoXkAAo330.jpg']",,,,,,,,,[],[],,,[],,,,,,04Oct20_160052,speak without speaking impact communities color leadership understands disproportionate impacts solutions 21towin
1275443798730915840,2020-06-23 15:01:12,Standard Tweet,Climate change disproportionately impacts poor communities and communities of color. Investing in renewable local energy means investing in the future of marginalized communities. #climatechange #21toWin #KeepEnergyLocal https://t.co/z1qsysySXx,Tom Watson for Congress,TomWatsonTX19,1067492007558475776,4,8,[],"['climatechange', '21toWin', 'KeepEnergyLocal']",[],video,['http://pbs.twimg.com/ext_tw_video_thumb/1275442776788828161/pu/img/vXfb4bdaM5LFXeFm.jpg'],,,,,,,,,[],[],,,[],,,,,,04Oct20_160052,disproportionately impacts poor communities communities color investing renewable local energy means investing future marginalized communities 21towin keepenergylocal
1264609667747131403,2020-05-24 17:30:14,Standard Tweet,"My 3 top issues:

1. Corruption in government
2. Income inequality
3. Climate change

What are yours? - Hannah",Tom Watson for Congress,TomWatsonTX19,1067492007558475776,1,7,[],[],[],,[],,,,,,,,,[],[],,,[],,,,,,04Oct20_160052,3 top issues 1 corruption government 2 income inequality 3 hannah
1260268582589665280,2020-05-12 18:00:19,Standard Tweet,"West Texas  has enough wind, sun and space to help fight the climate crisis while creating jobs and improving the economy. Tom Watson supports renewable energy in District 19. #21toWin #RenewableEnergy #ClimateCrisis #2020Election #TurnTexasBlue https://t.co/XNzcoeYv0J",Tom Watson for Congress,TomWatsonTX19,1067492007558475776,9,15,[],"['21toWin', 'RenewableEnergy', 'ClimateCrisis', '2020Election', 'TurnTexasBlue']",[],photo,['http://pbs.twimg.com/media/EX1fmMXX0AE154g.jpg'],,,,,,,,,[],[],,,[],,,,,,04Oct20_160052,west enough wind sun space creating jobs improving economy tom watson supports renewable energy 19 21towin renewableenergy climatecrisis 2020election turntexasblue
1257007125848612870,2020-05-03 18:00:27,Standard Tweet,"Coral bleaching is an event that we don't talk about nearly enough, despite the fact that the event is visual representation of climate change. Learn more about it by watching the video below or by asking me any questions about coral bleaching! - Randilyn
https://t.co/36DoPYXjqx",Tom Watson for Congress,TomWatsonTX19,1067492007558475776,1,2,['https://www.youtube.com/watch?v=BO44JlAElXM'],[],[],,[],,,,,,,,,[],[],,,[],,,,,,04Oct20_160052,coral bleaching event nearly enough despite fact event visual representation learn watching video asking questions coral bleaching randilyn
1256992035220992001,2020-05-03 17:00:29,Standard Tweet,"Katharine Hayhoe, a world-renowned atmospheric scientist, professor at Texas Tech University AND one of my favorite climate communicators, says that the best way to tackle climate change is just to talk about it. Ask any questions about climate! - Randilyn
https://t.co/KQM170gAje",Tom Watson for Congress,TomWatsonTX19,1067492007558475776,1,5,['https://www.youtube.com/watch?v=-BvcToPZCLI&t=725s'],[],[],,[],,,,,,,,,[],[],,,[],,,,,,04Oct20_160052,katharine hayhoe worldrenowned atmospheric scientist professor tech university favorite communicators says best way tackle ask questions randilyn
1254840397605593090,2020-04-27 18:30:39,Standard Tweet,"West Texas has the wind, sun, and space to make a big impact in any recovery effort involving renewable energy. We can strengthen our local economy while making a lasting impact in the fight against climate change. #KeepEnergyLocal #21toWin #2020Election
https://t.co/egucJqowP3",Tom Watson for Congress,TomWatsonTX19,1067492007558475776,7,13,['https://www.theguardian.com/environment/2020/apr/20/green-energy-could-drive-covid-19-recovery-international-renewable-energy-agency'],"['KeepEnergyLocal', '21toWin', '2020Election']",[],,[],,,,,,,,,[],[],,,[],,,,,,04Oct20_160052,west wind sun space impact recovery effort involving renewable energy strengthen local economy making lasting impact keepenergylocal 21towin 2020election
1223685892939878400,2020-02-01 19:13:46,Standard Tweet,"West Texas can fight the climate crisis while creating jobs and improving the economy. Tom Watson supports renewable energy in District 19.

""Conservative States Seek Billions to Brace for Disaster. (Just Don‚Äôt Call It Climate Change.)""

https://t.co/3buql2gcLU https://t.co/6ZJgYTCpgH",Tom Watson for Congress,TomWatsonTX19,1067492007558475776,6,14,['https://www.nytimes.com/2020/01/20/climate/climate-change-funding-states.html'],[],[],photo,['http://pbs.twimg.com/media/EPtnMsRXUAAK7cx.jpg'],,,,,,,,,[],[],,,[],,,,,,04Oct20_160053,west creating jobs improving economy tom watson supports renewable energy 19 conservative states seek billions brace disaster call
1315761824055386113,2020-10-12 21:10:39,Standard Tweet,"Today we celebrate &amp; honor the history and culture of our indigenous communities. We know that indigenous peoples are disproportionally affected by global pandemics, climate change and inadequate education. Tom Watson looks forward to addressing this issues in congress. https://t.co/wAA48ADB9Q",Tom Watson for Congress,TomWatsonTX19,1067492007558475776,2,15,[],[],[],photo,['http://pbs.twimg.com/media/EkKGZ_EXYAUV7lw.jpg'],,,,,,,,,[],[],,,[],,,,,,20Oct20_093528,celebrate honor history culture indigenous communities know indigenous disproportionally affected global pandemics inadequate education tom watson looks forward addressing issues congress
1311129280835977216,2020-09-30 02:22:34,Standard Tweet,I was proud to support the Paris Climate Accord and look forward to working with @JoeBiden to rejoin and implement it.,Gerry Connolly,ElectConnolly,125706625,1,8,[],[],"[{'screen_name': 'JoeBiden', 'name': 'Joe Biden', 'id': 939091, 'id_str': '939091', 'indices': [81, 90]}]",,[],,,,,,,,,[],[],,,[],,,,,,04Oct20_160757,proud paris accord forward working joebiden rejoin implement
1311127798845714432,2020-09-30 02:16:41,Standard Tweet,"Finally, a presidential debate question on climate change.",Gerry Connolly,ElectConnolly,125706625,6,45,[],[],[],,[],,,,,,,,,[],[],,,[],,,,,,04Oct20_160757,finally presidential debate question
1301577018664943616,2020-09-03 17:45:18,Standard Tweet,"In 2016, the presidential debates had ZERO questions about climate change. This issue can‚Äôt be ignored again. I‚Äôve joined 70 lawmakers demanding @debates make climate change a focus this year. Read the letter here: https://t.co/Md8CHPjYU4",Gerry Connolly,ElectConnolly,125706625,11,13,['http://climatepower2020.org/letter-debates'],[],"[{'screen_name': 'debates', 'name': 'CPD', 'id': 3449767582, 'id_str': '3449767582', 'indices': [145, 153]}]",,[],,,,,,,,,[],[],,,[],,,,,,04Oct20_160757,2016 presidential debates zero questions issue ignored joined 70 lawmakers demanding debates focus read letter
1230901966185824259,2020-02-21 17:07:52,Standard Tweet,"I'm thrilled to have the support of the Sierra Club. As a co-sponsor of the Green New Deal, I have always fought for policies that will protect our environment and stop climate change. In Congress I will continue to advocate for investing in clean and renewable energy. https://t.co/OcJO0cT2Ui",Gerry Connolly,ElectConnolly,125706625,2,1,[],[],[],photo,['http://pbs.twimg.com/media/ERUKz8uXYAA5bE3.jpg'],,,,,,,,,[],[],,,[],,,,,,04Oct20_160757,thrilled sierra club cosponsor green new deal always policies protect environment stop congress continue advocate investing clean renewable energy
1314017595603984385,2020-10-08 01:39:42,Standard Tweet,.@realDonaldTrump has made it clear what he wants to do about climate change: nothing. #VPDebate2020,Gerry Connolly,ElectConnolly,125706625,15,87,[],['VPDebate2020'],"[{'screen_name': 'realDonaldTrump', 'name': 'Donald J. Trump', 'id': 25073877, 'id_str': '25073877', 'indices': [1, 17]}]",,[],,,,,,,,,[],[],,,[],,,,,,20Oct20_093603,realdonaldtrump made clear nothing vpdebate2020
1319464253624115202,2020-10-23 02:22:47,Standard Tweet,Great to see climate change questions in both debates. #PresidentialDebate2020,Gerry Connolly,ElectConnolly,125706625,3,33,[],['PresidentialDebate2020'],[],,[],,,,,,,,,[],[],,,[],,,,,,03Nov20_211433,great questions debates presidentialdebate2020
1317521281839996932,2020-10-17 17:42:06,Standard Tweet,"Affordable healthcare. 
Safe, healthy schools. 
Jobs, childcare. 
Climate, leadership. 
Justice, equality. 

I don‚Äôt run for office for myself‚Äî I run for my community. I run for us. üíô https://t.co/gG1AVOCZ0x",Robyn Vining,RobynVining,2494832624,21,51,[],[],[],video,['http://pbs.twimg.com/ext_tw_video_thumb/1317521248323330054/pu/img/5_nAYWkJPsJzGF3S.jpg'],,,,,,,,,[],[],,,[],,,,,,20Oct20_143705,affordable healthcare safe healthy schools jobs childcare leadership justice equality run office run community run
1207165415350263808,2019-12-18 05:07:17,Reply Tweet,@julikaufmann @TEDTalks Jonathan Patz: Climate Change is Affecting Our Health. Is There a Cure? https://t.co/JixkZkzfbk,Robyn Vining,RobynVining,2494832624,0,0,['https://www.ted.com/talks/jonathan_patz_climate_change_is_affecting_our_health_is_there_a_cure'],[],"[{'screen_name': 'julikaufmann', 'name': 'Juli Kaufmann', 'id': 15034955, 'id_str': '15034955', 'indices': [0, 13]}, {'screen_name': 'TEDTalks', 'name': 'TED Talks', 'id': 15492359, 'id_str': '15492359', 'indices': [14, 23]}]",,[],1.2071647047764787e+18,,,RobynVining,2494832624.0,,,,[],[],,,[],,,,,,20Oct20_143707,julikaufmann tedtalks jonathan patz affecting health cure
1199504964068020224,2019-11-27 01:47:23,Standard Tweet,"To older teenager, 

‚ÄúYou know who won‚Äôt like these boomer jokes? SANTA.‚Äù

‚ÄúNo, he‚Äôs a good boomer.‚Äù

‚ÄúWait. What‚Äôs a good boomer?‚Äù

‚ÄúHe didn‚Äôt give us a dying earth to live in.‚Äù

O U C H. 

(I‚Äôm told the root of these #okboomer jokes is anxiety about climate change.)",Robyn Vining,RobynVining,2494832624,0,13,[],['okboomer'],[],,[],,,,,,,,,[],[],,,[],,,,,,20Oct20_143707,older teenager know wont boomer jokes santa hes good boomer wait whats good boomer didnt give dying earth live u c h told root okboomer jokes anxiety
1285269930405920770,2020-07-20 17:46:45,Retweet,"Imagine the future we can create with Donald Trump out of the White House. A future where we:

- Tackle the climate crisis
- Build a new American economy
- End our gun violence epidemic
- Ensure our government works for all, not just the wealthy few",Melissa Winker,WinkerforWI,988242803858780160,22326,120518,[],[],[],,[],1.285227969930072e+18,Mon Jul 20 15:00:01 +0000 2020,Joe Biden,JoeBiden,939091.0,,,,[],[],,,[],,,,,,20Oct20_143829,imagine future create donald trump white house future tackle build new american economy end gun violence epidemic ensure government works wealthy
